schema_version,customer_id,driver_id,persona_type,service_month,month,selected_policy_id,basis_status,basis_trip_count,scored_trip_count,dbscan_cluster_count,living_zone_departure_p90_raw_m,living_zone_departure_p90_threshold_m,living_zone_departure_threshold_sample_count,living_zone_departure_threshold_percentile,monthly_total_distance_km,monthly_annualized_distance_km,in_zone_distance_km,out_zone_distance_km,in_zone_distance_ratio,out_zone_distance_ratio,out_zone_ratio_delta,baseline_night_ratio,monthly_night_ratio,night_ratio_delta,baseline_risk_rate_per_100km,monthly_risk_rate_per_100km,risk_rate_delta_per_100km,monthly_risk_signal_count,in_zone_night_ratio,in_zone_risk_rate_per_100km,out_zone_night_ratio,out_zone_risk_rate_per_100km,mileage_score,in_zone_safe_driving_score,out_zone_safe_driving_score,out_zone_pattern_change_risk,monthly_integrated_evidence_score,score_role,existing_living_zone_trip_count,candidate_living_zone_trip_count,out_zone_safe_driving_trip_count,out_zone_pattern_change_risk_trip_count,dominant_interpretation,reason_codes,scenario_phase
senior-monthly-score-table/v1,cust_001,driver_001,stable_local_low_mileage,2026-01,1,policy_30_30_20_20_p20_a75,pre_policy_60_day_dbscan,24,13,2,769.81,769.81,24,0.9,249.6,2995.2,197.79,51.81,0.7924,0.2076,-0.0232,0.0,0.0,0.0,0.7604,0.8013,0.0409,2,0.0,0.5056,0.0,1.9301,75.04,96.97,89.38,2.51,88.98,annual_decision_evidence_not_monthly_discount,10,0,2,1,existing_living_zone,LOW_RISK_EVENTS|OUT_ZONE_PATTERN_CHANGE_RISK|OUT_ZONE_SAFE_DRIVING|STABLE_IN_ZONE_DRIVING,stable_reference
senior-monthly-score-table/v1,cust_001,driver_001,stable_local_low_mileage,2026-02,2,policy_30_30_20_20_p20_a75,rolling_60_day_dbscan,25,11,2,699.62,699.62,25,0.9,233.6,2803.2,154.06,79.54,0.6595,0.3405,-0.0253,0.0,0.0,0.0,0.8032,0.8562,0.0529,2,0.0,0.6491,0.0,1.2572,76.64,96.11,93.09,2.99,89.85,annual_decision_evidence_not_monthly_discount,7,0,3,1,existing_living_zone,LOW_RISK_EVENTS|OUT_ZONE_PATTERN_CHANGE_RISK|OUT_ZONE_SAFE_DRIVING|STABLE_IN_ZONE_DRIVING,stable_reference
senior-monthly-score-table/v1,cust_001,driver_001,stable_local_low_mileage,2026-03,3,policy_30_30_20_20_p20_a75,rolling_60_day_dbscan,24,13,2,691.59,691.59,24,0.9,262.4,3148.8,168.46,93.94,0.642,0.358,0.0862,0.0,0.0,0.0,0.8278,0.7622,-0.0656,2,0.0,0.5936,0.0,1.0645,73.76,96.44,93.99,12.36,87.39,annual_decision_evidence_not_monthly_discount,8,0,4,1,existing_living_zone,LOW_RISK_EVENTS|OUT_ZONE_PATTERN_CHANGE_RISK|OUT_ZONE_SAFE_DRIVING|STABLE_IN_ZONE_DRIVING,stable_reference
senior-monthly-score-table/v1,cust_001,driver_001,stable_local_low_mileage,2026-04,4,policy_30_30_20_20_p20_a75,rolling_60_day_dbscan,24,13,2,732.56,732.56,24,0.9,265.6,3187.2,247.54,18.06,0.932,0.068,-0.1311,0.0,0.0,0.0,0.8065,0.753,-0.0534,2,0.0,0.808,0.0,0.0,73.44,95.15,100.0,2.31,90.11,annual_decision_evidence_not_monthly_discount,12,0,1,0,existing_living_zone,LOW_RISK_EVENTS|NO_STRONG_RISK_CHANGE|OUT_ZONE_SAFE_DRIVING|STABLE_IN_ZONE_DRIVING,stable_reference
senior-monthly-score-table/v1,cust_001,driver_001,stable_local_low_mileage,2026-05,5,policy_30_30_20_20_p20_a75,rolling_60_day_dbscan,25,13,2,704.87,704.87,25,0.9,278.4,3340.8,107.34,171.06,0.3856,0.6144,0.273,0.0,0.0,0.0,0.7913,0.7184,-0.0729,2,0.0,0.0,0.0,1.1692,72.16,98.63,88.28,34.16,82.06,annual_decision_evidence_not_monthly_discount,5,2,4,2,existing_living_zone,CANDIDATE_LIVING_ZONE|LOW_RISK_EVENTS|OUT_ZONE_PATTERN_CHANGE_RISK|OUT_ZONE_RATIO_INCREASE|OUT_ZONE_SAFE_DRIVING|STABLE_IN_ZONE_DRIVING,stable_reference
senior-monthly-score-table/v1,cust_001,driver_001,stable_local_low_mileage,2026-06,6,policy_30_30_20_20_p20_a75,rolling_60_day_dbscan,25,13,2,791.31,791.31,25,0.9,262.4,3148.8,200.45,61.95,0.7639,0.2361,0.0287,0.0,0.0,0.0,0.758,0.7622,0.0042,2,0.0,0.9978,0.0,0.0,73.76,94.01,100.0,5.68,89.2,annual_decision_evidence_not_monthly_discount,10,1,2,0,existing_living_zone,CANDIDATE_LIVING_ZONE|LOW_RISK_EVENTS|NO_STRONG_RISK_CHANGE|OUT_ZONE_SAFE_DRIVING|STABLE_IN_ZONE_DRIVING,stable_reference
senior-monthly-score-table/v1,cust_001,driver_001,stable_local_low_mileage,2026-07,7,policy_30_30_20_20_p20_a75,rolling_60_day_dbscan,25,13,2,738.44,738.44,25,0.9,268.8,3225.6,244.07,24.73,0.908,0.092,-0.1962,0.0,0.0,0.0,0.775,0.744,-0.0309,2,0.0,0.8194,0.0,0.0,73.12,95.08,100.0,2.31,90.0,annual_decision_evidence_not_monthly_discount,12,0,1,0,existing_living_zone,LOW_RISK_EVENTS|NO_STRONG_RISK_CHANGE|OUT_ZONE_SAFE_DRIVING|STABLE_IN_ZONE_DRIVING,stable_reference
senior-monthly-score-table/v1,cust_001,driver_001,stable_local_low_mileage,2026-08,8,policy_30_30_20_20_p20_a75,rolling_60_day_dbscan,25,13,2,698.25,698.25,25,0.9,281.6,3379.2,188.04,93.56,0.6678,0.3322,0.1883,0.0,0.0,0.0,0.7745,0.7102,-0.0643,2,0.0,1.0636,0.0,0.0,71.84,93.62,100.0,24.28,84.78,annual_decision_evidence_not_monthly_discount,9,0,4,0,existing_living_zone,LOW_RISK_EVENTS|OUT_ZONE_RATIO_INCREASE|OUT_ZONE_SAFE_DRIVING|STABLE_IN_ZONE_DRIVING,stable_reference
senior-monthly-score-table/v1,cust_001,driver_001,stable_local_low_mileage,2026-09,9,policy_30_30_20_20_p20_a75,rolling_60_day_dbscan,24,13,2,760.14,760.14,24,0.9,275.2,3302.4,150.65,124.55,0.5474,0.4526,0.1607,0.0,0.0,0.0,0.7741,0.7267,-0.0473,2,0.0,0.6638,0.0,0.8029,72.48,96.02,93.53,21.06,85.04,annual_decision_evidence_not_monthly_discount,7,0,5,1,existing_living_zone,LOW_RISK_EVENTS|OUT_ZONE_PATTERN_CHANGE_RISK|OUT_ZONE_RATIO_INCREASE|OUT_ZONE_SAFE_DRIVING|STABLE_IN_ZONE_DRIVING,stable_reference
senior-monthly-score-table/v1,cust_001,driver_001,stable_local_low_mileage,2026-10,10,policy_30_30_20_20_p20_a75,rolling_60_day_dbscan,25,13,2,779.37,779.37,25,0.9,278.4,3340.8,213.27,65.13,0.7661,0.2339,-0.0803,0.0,0.0,0.0,0.3747,0.7184,0.3437,2,0.0,0.4689,0.0,1.5354,72.16,97.19,91.56,4.03,88.31,annual_decision_evidence_not_monthly_discount,10,0,2,1,existing_living_zone,LOW_RISK_EVENTS|OUT_ZONE_PATTERN_CHANGE_RISK|OUT_ZONE_SAFE_DRIVING|STABLE_IN_ZONE_DRIVING,stable_reference
senior-monthly-score-table/v1,cust_001,driver_001,stable_local_low_mileage,2026-11,11,policy_30_30_20_20_p20_a75,rolling_60_day_dbscan,25,13,1,776.37,776.37,25,0.9,265.6,3187.2,126.47,139.13,0.4762,0.5238,0.2859,0.0,0.0,0.0,0.7491,0.753,0.0039,2,0.0,0.0,0.0,1.4375,73.44,99.71,88.62,35.68,82.53,annual_decision_evidence_not_monthly_discount,6,1,4,2,existing_living_zone,CANDIDATE_LIVING_ZONE|LOW_RISK_EVENTS|OUT_ZONE_PATTERN_CHANGE_RISK|OUT_ZONE_RATIO_INCREASE|OUT_ZONE_SAFE_DRIVING|STABLE_IN_ZONE_DRIVING,stable_reference
senior-monthly-score-table/v1,cust_001,driver_001,stable_local_low_mileage,2026-12,12,policy_30_30_20_20_p20_a75,rolling_60_day_dbscan,25,14,2,780.03,780.03,25,0.9,278.4,3340.8,215.57,62.83,0.7743,0.2257,0.0636,0.0,0.0,0.0,0.7691,0.7184,-0.0507,2,0.0,0.9278,0.0,0.0,72.16,94.43,100.0,9.56,88.06,annual_decision_evidence_not_monthly_discount,11,0,3,0,existing_living_zone,LOW_RISK_EVENTS|NO_STRONG_RISK_CHANGE|OUT_ZONE_SAFE_DRIVING|STABLE_IN_ZONE_DRIVING,stable_reference
senior-monthly-score-table/v1,cust_002,driver_002,stable_local_low_mileage,2026-01,1,policy_30_30_20_20_p20_a75,pre_policy_60_day_dbscan,23,10,1,1467.74,1467.74,23,0.9,218.4,2620.8,218.4,0,1.0,0.0,-0.2086,0.0,0.0,0.0,0.8691,0.9158,0.0467,2,0.0,0.9158,0.0,0.0,78.16,94.51,100.0,3.23,91.16,annual_decision_evidence_not_monthly_discount,10,0,0,0,existing_living_zone,LOW_RISK_EVENTS|NO_STRONG_RISK_CHANGE|STABLE_IN_ZONE_DRIVING,stable_reference
senior-monthly-score-table/v1,cust_002,driver_002,stable_local_low_mileage,2026-02,2,policy_30_30_20_20_p20_a75,rolling_60_day_dbscan,21,9,1,1017.33,1017.33,21,0.9,204.4,2452.8,105.78,98.62,0.5175,0.4825,0.2104,0.0,0.0,0.0,0.914,0.4892,-0.4248,1,0.0,0.0,0.0,1.014,79.56,100.0,91.77,26.21,86.98,annual_decision_evidence_not_monthly_discount,5,1,2,1,existing_living_zone,CANDIDATE_LIVING_ZONE|LOW_RISK_EVENTS|OUT_ZONE_PATTERN_CHANGE_RISK|OUT_ZONE_RATIO_INCREASE|OUT_ZONE_SAFE_DRIVING|STABLE_IN_ZONE_DRIVING,stable_reference
senior-monthly-score-table/v1,cust_002,driver_002,stable_local_low_mileage,2026-03,3,policy_30_30_20_20_p20_a75,rolling_60_day_dbscan,19,11,1,926.99,926.99,19,0.9,229.6,2755.2,206.58,23.02,0.8997,0.1003,-0.0682,0.0,0.0,0.0,0.7096,0.8711,0.1615,2,0.0,0.9681,0.0,0.0,77.04,94.19,100.0,3.53,90.66,annual_decision_evidence_not_monthly_discount,10,0,1,0,existing_living_zone,LOW_RISK_EVENTS|NO_STRONG_RISK_CHANGE|OUT_ZONE_SAFE_DRIVING|STABLE_IN_ZONE_DRIVING,stable_reference
senior-monthly-score-table/v1,cust_002,driver_002,stable_local_low_mileage,2026-04,4,policy_30_30_20_20_p20_a75,rolling_60_day_dbscan,20,12,1,1033.34,1033.34,20,0.9,232.4,2788.8,170.16,62.24,0.7322,0.2678,0.1142,0.0,0.0,0.0,0.6912,0.8606,0.1693,2,0.0,1.1754,0.0,0.0,76.76,92.95,100.0,16.67,87.58,annual_decision_evidence_not_monthly_discount,9,0,3,0,existing_living_zone,LOW_RISK_EVENTS|NO_STRONG_RISK_CHANGE|OUT_ZONE_SAFE_DRIVING|STABLE_IN_ZONE_DRIVING,stable_reference
senior-monthly-score-table/v1,cust_002,driver_002,stable_local_low_mileage,2026-05,5,policy_30_30_20_20_p20_a75,rolling_60_day_dbscan,22,12,1,943.69,943.69,22,0.9,243.6,2923.2,169.16,74.44,0.6944,0.3056,0.0667,0.0,0.0,0.0,0.9112,0.821,-0.0902,2,0.0,1.1823,0.0,0.0,75.64,92.91,100.0,10.28,88.51,annual_decision_evidence_not_monthly_discount,8,0,4,0,existing_living_zone,LOW_RISK_EVENTS|NO_STRONG_RISK_CHANGE|OUT_ZONE_SAFE_DRIVING|STABLE_IN_ZONE_DRIVING,stable_reference
senior-monthly-score-table/v1,cust_002,driver_002,stable_local_low_mileage,2026-06,6,policy_30_30_20_20_p20_a75,rolling_60_day_dbscan,23,11,1,1604.61,1604.61,23,0.9,229.6,2755.2,170.4,59.2,0.7422,0.2578,0.0945,0.0,0.0,0.0,0.8782,0.8711,-0.0071,2,0.0,1.1737,0.0,0.0,77.04,92.96,100.0,13.75,88.25,annual_decision_evidence_not_monthly_discount,8,0,3,0,existing_living_zone,LOW_RISK_EVENTS|NO_STRONG_RISK_CHANGE|OUT_ZONE_SAFE_DRIVING|STABLE_IN_ZONE_DRIVING,stable_reference
senior-monthly-score-table/v1,cust_002,driver_002,stable_local_low_mileage,2026-07,7,policy_30_30_20_20_p20_a75,rolling_60_day_dbscan,23,11,1,1459.87,1459.87,23,0.9,235.2,2822.4,190.85,44.35,0.8114,0.1886,-0.0507,0.0,0.0,0.0,0.8453,0.8503,0.005,2,0.0,1.0479,0.0,0.0,76.48,93.71,100.0,2.75,90.51,annual_decision_evidence_not_monthly_discount,9,0,2,0,existing_living_zone,LOW_RISK_EVENTS|NO_STRONG_RISK_CHANGE|OUT_ZONE_SAFE_DRIVING|STABLE_IN_ZONE_DRIVING,stable_reference
senior-monthly-score-table/v1,cust_002,driver_002,stable_local_low_mileage,2026-08,8,policy_30_30_20_20_p20_a75,rolling_60_day_dbscan,21,12,1,880.42,880.42,21,0.9,246.4,2956.8,146.09,100.31,0.5929,0.4071,0.1122,0.0,0.0,0.0,0.9071,0.8117,-0.0954,2,0.0,0.6845,0.0,0.9969,75.36,95.89,93.38,15.59,86.93,annual_decision_evidence_not_monthly_discount,7,0,4,1,existing_living_zone,LOW_RISK_EVENTS|OUT_ZONE_PATTERN_CHANGE_RISK|OUT_ZONE_SAFE_DRIVING|STABLE_IN_ZONE_DRIVING,stable_reference
senior-monthly-score-table/v1,cust_002,driver_002,stable_local_low_mileage,2026-09,9,policy_30_30_20_20_p20_a75,rolling_60_day_dbscan,22,11,2,658.93,658.93,22,0.9,240.8,2889.6,240.8,0,1.0,0.0,-0.2474,0.0,0.0,0.0,0.6556,0.8306,0.1749,2,0.0,0.8306,0.0,0.0,75.92,95.02,100.0,3.6,90.56,annual_decision_evidence_not_monthly_discount,11,0,0,0,existing_living_zone,LOW_RISK_EVENTS|NO_STRONG_RISK_CHANGE|STABLE_IN_ZONE_DRIVING,stable_reference
senior-monthly-score-table/v1,cust_002,driver_002,stable_local_low_mileage,2026-10,10,policy_30_30_20_20_p20_a75,rolling_60_day_dbscan,23,11,2,721.79,721.79,23,0.9,243.6,2923.2,154.91,88.69,0.6359,0.3641,0.1791,0.0,0.0,0.0,0.821,0.821,0.0,2,0.0,0.6455,0.0,1.1275,75.64,96.13,93.52,23.62,85.51,annual_decision_evidence_not_monthly_discount,7,2,1,1,existing_living_zone,CANDIDATE_LIVING_ZONE|LOW_RISK_EVENTS|OUT_ZONE_PATTERN_CHANGE_RISK|OUT_ZONE_RATIO_INCREASE|OUT_ZONE_SAFE_DRIVING|STABLE_IN_ZONE_DRIVING,stable_reference
senior-monthly-score-table/v1,cust_002,driver_002,stable_local_low_mileage,2026-11,11,policy_30_30_20_20_p20_a75,rolling_60_day_dbscan,22,11,1,1532.22,1532.22,22,0.9,232.4,2788.8,182.59,49.81,0.7857,0.2143,0.0205,0.0,0.0,0.0,0.8258,0.8606,0.0348,2,0.0,1.0954,0.0,0.0,76.76,93.43,100.0,5.29,90.0,annual_decision_evidence_not_monthly_discount,9,0,2,0,existing_living_zone,LOW_RISK_EVENTS|NO_STRONG_RISK_CHANGE|OUT_ZONE_SAFE_DRIVING|STABLE_IN_ZONE_DRIVING,stable_reference
senior-monthly-score-table/v1,cust_002,driver_002,stable_local_low_mileage,2026-12,12,policy_30_30_20_20_p20_a75,rolling_60_day_dbscan,21,13,1,1004.68,1004.68,21,0.9,243.6,2923.2,202.21,41.39,0.8301,0.1699,0.0116,0.0,0.0,0.0,0.6574,0.821,0.1636,2,0.0,0.9891,0.0,0.0,75.64,94.07,100.0,4.48,90.02,annual_decision_evidence_not_monthly_discount,11,0,2,0,existing_living_zone,LOW_RISK_EVENTS|NO_STRONG_RISK_CHANGE|OUT_ZONE_SAFE_DRIVING|STABLE_IN_ZONE_DRIVING,stable_reference
senior-monthly-score-table/v1,cust_003,driver_003,stable_local_low_mileage,2026-01,1,policy_30_30_20_20_p20_a75,pre_policy_60_day_dbscan,32,14,1,1422.46,1422.46,32,0.9,319.8,3837.6,281.38,38.42,0.8799,0.1201,-0.1044,0.0,0.0,0.0,0.5935,0.6254,0.0319,2,0.0,0.0,0.0,5.2056,68.02,100.0,71.37,2.3,84.22,annual_decision_evidence_not_monthly_discount,12,0,0,2,existing_living_zone,LOW_RISK_EVENTS|OUT_ZONE_PATTERN_CHANGE_RISK|STABLE_IN_ZONE_DRIVING,stable_reference
senior-monthly-score-table/v1,cust_003,driver_003,stable_local_low_mileage,2026-02,2,policy_30_30_20_20_p20_a75,rolling_60_day_dbscan,28,15,2,637.42,637.42,28,0.9,299.3,3591.6,278.24,21.06,0.9296,0.0704,-0.0756,0.0,0.0,0.0,0.6447,0.6682,0.0235,2,0.0,0.7188,0.0,0.0,70.07,95.69,100.0,2.12,89.3,annual_decision_evidence_not_monthly_discount,14,0,1,0,existing_living_zone,LOW_RISK_EVENTS|NO_STRONG_RISK_CHANGE|OUT_ZONE_SAFE_DRIVING|STABLE_IN_ZONE_DRIVING,stable_reference
senior-monthly-score-table/v1,cust_003,driver_003,stable_local_low_mileage,2026-03,3,policy_30_30_20_20_p20_a75,rolling_60_day_dbscan,29,15,2,661.17,661.17,29,0.9,336.2,4034.4,246.12,90.08,0.7321,0.2679,-0.0168,0.0,0.0,0.0,0.6461,0.5949,-0.0512,2,0.0,0.4063,0.0,1.1101,66.38,97.56,93.89,2.0,87.56,annual_decision_evidence_not_monthly_discount,11,0,3,1,existing_living_zone,LOW_RISK_EVENTS|OUT_ZONE_PATTERN_CHANGE_RISK|OUT_ZONE_SAFE_DRIVING|STABLE_IN_ZONE_DRIVING,stable_reference
senior-monthly-score-table/v1,cust_003,driver_003,stable_local_low_mileage,2026-04,4,policy_30_30_20_20_p20_a75,rolling_60_day_dbscan,30,15,2,706.15,706.15,30,0.9,340.3,4083.6,210.44,129.86,0.6184,0.3816,0.1757,0.0,0.0,0.0,0.6294,0.5877,-0.0417,2,0.0,0.9504,0.0,0.0,65.97,94.3,99.37,22.5,83.46,annual_decision_evidence_not_monthly_discount,9,0,6,0,existing_living_zone,LOW_RISK_EVENTS|OUT_ZONE_RATIO_INCREASE|OUT_ZONE_SAFE_DRIVING|STABLE_IN_ZONE_DRIVING,stable_reference
senior-monthly-score-table/v1,cust_003,driver_003,stable_local_low_mileage,2026-05,5,policy_30_30_20_20_p20_a75,rolling_60_day_dbscan,29,17,2,666.97,666.97,29,0.9,356.7,4280.4,319.92,36.78,0.8969,0.1031,-0.0978,0.0,0.0,0.0,0.6129,0.5607,-0.0522,2,0.0,0.6252,0.0,0.0,64.33,96.25,100.0,1.76,87.82,annual_decision_evidence_not_monthly_discount,15,0,2,0,existing_living_zone,LOW_RISK_EVENTS|NO_STRONG_RISK_CHANGE|OUT_ZONE_SAFE_DRIVING|STABLE_IN_ZONE_DRIVING,stable_reference
senior-monthly-score-table/v1,cust_003,driver_003,stable_local_low_mileage,2026-06,6,policy_30_30_20_20_p20_a75,rolling_60_day_dbscan,31,16,2,694.34,694.34,31,0.9,336.2,4034.4,229.24,106.96,0.6819,0.3181,0.0607,0.0,0.0,0.0,0.5883,0.5949,0.0065,2,0.0,0.0,0.0,1.8699,66.38,100.0,89.72,8.99,86.06,annual_decision_evidence_not_monthly_discount,11,0,3,2,existing_living_zone,LOW_RISK_EVENTS|OUT_ZONE_PATTERN_CHANGE_RISK|OUT_ZONE_SAFE_DRIVING|STABLE_IN_ZONE_DRIVING,stable_reference
senior-monthly-score-table/v1,cust_003,driver_003,stable_local_low_mileage,2026-07,7,policy_30_30_20_20_p20_a75,rolling_60_day_dbscan,32,16,2,670.68,670.68,32,0.9,344.4,4132.8,283.5,60.9,0.8232,0.1768,-0.1009,0.0,0.0,0.0,0.4438,0.5807,0.1369,2,0.0,0.3527,0.0,1.642,65.56,97.88,90.97,2.56,86.71,annual_decision_evidence_not_monthly_discount,13,0,2,1,existing_living_zone,LOW_RISK_EVENTS|OUT_ZONE_PATTERN_CHANGE_RISK|OUT_ZONE_SAFE_DRIVING|STABLE_IN_ZONE_DRIVING,stable_reference
senior-monthly-score-table/v1,cust_003,driver_003,stable_local_low_mileage,2026-08,8,policy_30_30_20_20_p20_a75,rolling_60_day_dbscan,32,17,1,732.48,732.48,32,0.9,360.8,4329.6,149.17,211.63,0.4134,0.5866,0.1515,0.0,0.0,0.0,0.5877,0.8315,0.2438,3,0.0,0.6704,0.0,0.945,63.92,94.94,90.07,21.54,81.36,annual_decision_evidence_not_monthly_discount,7,0,8,2,out_zone_safe_driving,LOW_RISK_EVENTS|OUT_ZONE_PATTERN_CHANGE_RISK|OUT_ZONE_RATIO_INCREASE|OUT_ZONE_SAFE_DRIVING|STABLE_IN_ZONE_DRIVING,stable_reference
senior-monthly-score-table/v1,cust_003,driver_003,stable_local_low_mileage,2026-09,9,policy_30_30_20_20_p20_a75,rolling_60_day_dbscan,32,18,1,836.75,836.75,32,0.9,352.6,4231.2,257.23,95.37,0.7295,0.2705,-0.0238,0.0,0.0,0.0,0.7346,0.5672,-0.1674,2,0.0,0.3888,0.0,1.0485,64.74,97.67,94.23,1.67,87.23,annual_decision_evidence_not_monthly_discount,13,0,4,1,existing_living_zone,LOW_RISK_EVENTS|OUT_ZONE_PATTERN_CHANGE_RISK|OUT_ZONE_SAFE_DRIVING|STABLE_IN_ZONE_DRIVING,stable_reference
senior-monthly-score-table/v1,cust_003,driver_003,stable_local_low_mileage,2026-10,10,policy_30_30_20_20_p20_a75,rolling_60_day_dbscan,33,17,1,839.55,839.55,33,0.9,356.7,4280.4,256.9,99.8,0.7202,0.2798,0.0357,0.0,0.0,0.0,0.7418,0.5607,-0.1811,2,0.0,0.7785,0.0,0.0,64.33,95.33,100.0,5.93,86.71,annual_decision_evidence_not_monthly_discount,12,1,4,0,existing_living_zone,CANDIDATE_LIVING_ZONE|LOW_RISK_EVENTS|NO_STRONG_RISK_CHANGE|OUT_ZONE_SAFE_DRIVING|STABLE_IN_ZONE_DRIVING,stable_reference
senior-monthly-score-table/v1,cust_003,driver_003,stable_local_low_mileage,2026-11,11,policy_30_30_20_20_p20_a75,rolling_60_day_dbscan,34,16,1,1277.91,1277.91,34,0.9,340.3,4083.6,238.52,101.78,0.7009,0.2991,0.08,0.0,0.0,0.0,0.5834,0.5877,0.0044,2,0.0,0.8385,0.0,0.0,65.97,94.97,100.0,11.23,86.04,annual_decision_evidence_not_monthly_discount,11,0,5,0,existing_living_zone,LOW_RISK_EVENTS|NO_STRONG_RISK_CHANGE|OUT_ZONE_SAFE_DRIVING|STABLE_IN_ZONE_DRIVING,stable_reference
senior-monthly-score-table/v1,cust_003,driver_003,stable_local_low_mileage,2026-12,12,policy_30_30_20_20_p20_a75,rolling_60_day_dbscan,32,18,2,662.79,662.79,32,0.9,356.7,4280.4,295.48,61.22,0.8284,0.1716,-0.097,0.0,0.0,0.0,0.594,0.5607,-0.0333,2,0.0,0.6769,0.0,0.0,64.33,95.94,100.0,1.67,87.75,annual_decision_evidence_not_monthly_discount,15,0,3,0,existing_living_zone,LOW_RISK_EVENTS|NO_STRONG_RISK_CHANGE|OUT_ZONE_SAFE_DRIVING|STABLE_IN_ZONE_DRIVING,stable_reference
senior-monthly-score-table/v1,cust_004,driver_004,stable_local_low_mileage,2026-01,1,policy_30_30_20_20_p20_a75,pre_policy_60_day_dbscan,22,9,2,759.18,759.18,22,0.9,202.8,2433.6,178.12,24.68,0.8783,0.1217,-0.1267,0.0,0.0,0.0,0.7019,0.4931,-0.2088,1,0.0,0.5614,0.0,0.0,79.72,96.63,100.0,1.67,92.57,annual_decision_evidence_not_monthly_discount,8,0,1,0,existing_living_zone,LOW_RISK_EVENTS|NO_STRONG_RISK_CHANGE|OUT_ZONE_SAFE_DRIVING|STABLE_IN_ZONE_DRIVING,stable_reference
senior-monthly-score-table/v1,cust_004,driver_004,stable_local_low_mileage,2026-02,2,policy_30_30_20_20_p20_a75,rolling_60_day_dbscan,19,10,2,713.34,713.34,19,0.9,189.8,2277.6,107.29,82.51,0.5653,0.4347,0.2046,0.0,0.0,0.0,0.7359,0.5269,-0.2091,1,0.0,0.9321,0.0,0.0,81.02,94.41,98.31,25.37,87.22,annual_decision_evidence_not_monthly_discount,6,0,4,0,existing_living_zone,LOW_RISK_EVENTS|OUT_ZONE_RATIO_INCREASE|OUT_ZONE_SAFE_DRIVING|STABLE_IN_ZONE_DRIVING,stable_reference
senior-monthly-score-table/v1,cust_004,driver_004,stable_local_low_mileage,2026-03,3,policy_30_30_20_20_p20_a75,rolling_60_day_dbscan,19,11,2,704.13,704.13,19,0.9,213.2,2558.4,174.43,38.77,0.8182,0.1818,0.0648,0.0,0.0,0.0,0.5094,0.469,-0.0404,1,0.0,0.5733,0.0,0.0,78.68,96.56,100.0,8.92,90.79,annual_decision_evidence_not_monthly_discount,9,0,2,0,existing_living_zone,LOW_RISK_EVENTS|NO_STRONG_RISK_CHANGE|OUT_ZONE_SAFE_DRIVING|STABLE_IN_ZONE_DRIVING,stable_reference
senior-monthly-score-table/v1,cust_004,driver_004,stable_local_low_mileage,2026-04,4,policy_30_30_20_20_p20_a75,rolling_60_day_dbscan,21,10,2,777.71,777.71,21,0.9,215.8,2589.6,195.77,20.03,0.9072,0.0928,-0.01,0.0,0.0,0.0,0.4963,0.9268,0.4305,2,0.0,1.0216,0.0,0.0,78.42,93.87,100.0,5.15,90.66,annual_decision_evidence_not_monthly_discount,9,0,1,0,existing_living_zone,LOW_RISK_EVENTS|NO_STRONG_RISK_CHANGE|OUT_ZONE_SAFE_DRIVING|STABLE_IN_ZONE_DRIVING,stable_reference
senior-monthly-score-table/v1,cust_004,driver_004,stable_local_low_mileage,2026-05,5,policy_30_30_20_20_p20_a75,rolling_60_day_dbscan,21,12,2,787.71,787.71,21,0.9,226.2,2714.4,123.96,102.24,0.548,0.452,0.3211,0.0,0.0,0.0,0.6993,0.8842,0.1849,2,0.0,1.6134,0.0,0.0,77.38,90.32,97.96,38.42,82.22,annual_decision_evidence_not_monthly_discount,7,0,5,0,existing_living_zone,LOW_RISK_EVENTS|OUT_ZONE_RATIO_INCREASE|OUT_ZONE_SAFE_DRIVING|STABLE_IN_ZONE_DRIVING,stable_reference
senior-monthly-score-table/v1,cust_004,driver_004,stable_local_low_mileage,2026-06,6,policy_30_30_20_20_p20_a75,rolling_60_day_dbscan,21,11,1,809.77,809.77,21,0.9,213.2,2558.4,159.73,53.47,0.7492,0.2508,0.104,0.0,0.0,0.0,0.9417,0.469,-0.4726,1,0.0,0.6261,0.0,0.0,78.68,96.24,100.0,13.5,89.78,annual_decision_evidence_not_monthly_discount,8,0,3,0,existing_living_zone,LOW_RISK_EVENTS|NO_STRONG_RISK_CHANGE|OUT_ZONE_SAFE_DRIVING|STABLE_IN_ZONE_DRIVING,stable_reference
senior-monthly-score-table/v1,cust_004,driver_004,stable_local_low_mileage,2026-07,7,policy_30_30_20_20_p20_a75,rolling_60_day_dbscan,22,10,1,675.6,675.6,22,0.9,218.4,2620.8,64.15,154.25,0.2937,0.7063,0.4585,0.0,0.0,0.0,0.4776,0.9158,0.4381,2,0.0,0.0,0.0,1.2966,78.16,97.52,85.74,40.19,81.81,annual_decision_evidence_not_monthly_discount,3,0,5,2,out_zone_safe_driving,LOW_RISK_EVENTS|OUT_ZONE_PATTERN_CHANGE_RISK|OUT_ZONE_RATIO_INCREASE|OUT_ZONE_SAFE_DRIVING|STABLE_IN_ZONE_DRIVING,stable_reference
senior-monthly-score-table/v1,cust_004,driver_004,stable_local_low_mileage,2026-08,8,policy_30_30_20_20_p20_a75,rolling_60_day_dbscan,20,12,2,616.33,616.33,20,0.9,228.8,2745.6,130.2,98.6,0.5691,0.4309,0.1499,0.0,0.0,0.0,0.4902,0.8741,0.3839,2,0.0,0.768,0.0,1.0142,77.12,95.39,92.8,21.91,85.93,annual_decision_evidence_not_monthly_discount,7,2,2,1,existing_living_zone,CANDIDATE_LIVING_ZONE|LOW_RISK_EVENTS|OUT_ZONE_PATTERN_CHANGE_RISK|OUT_ZONE_RATIO_INCREASE|OUT_ZONE_SAFE_DRIVING|STABLE_IN_ZONE_DRIVING,stable_reference
senior-monthly-score-table/v1,cust_004,driver_004,stable_local_low_mileage,2026-09,9,policy_30_30_20_20_p20_a75,rolling_60_day_dbscan,21,11,2,787.37,787.37,21,0.9,223.6,2683.2,202.51,21.09,0.9057,0.0943,0.0015,0.0,0.0,0.0,0.9488,0.8945,-0.0543,2,0.0,0.0,0.0,9.4832,77.64,100.0,47.84,2.9,82.28,annual_decision_evidence_not_monthly_discount,10,0,0,1,existing_living_zone,LOW_RISK_EVENTS|OUT_ZONE_PATTERN_CHANGE_RISK|STABLE_IN_ZONE_DRIVING,stable_reference
senior-monthly-score-table/v1,cust_004,driver_004,stable_local_low_mileage,2026-10,10,policy_30_30_20_20_p20_a75,rolling_60_day_dbscan,22,10,2,803.66,803.66,22,0.9,226.2,2714.4,203.62,22.58,0.9002,0.0998,-0.1054,0.0,0.0,0.0,0.9219,0.8842,-0.0377,2,0.0,0.9822,0.0,0.0,77.38,94.11,100.0,3.0,90.85,annual_decision_evidence_not_monthly_discount,9,0,1,0,existing_living_zone,LOW_RISK_EVENTS|NO_STRONG_RISK_CHANGE|OUT_ZONE_SAFE_DRIVING|STABLE_IN_ZONE_DRIVING,stable_reference
senior-monthly-score-table/v1,cust_004,driver_004,stable_local_low_mileage,2026-11,11,policy_30_30_20_20_p20_a75,rolling_60_day_dbscan,20,10,2,832.41,832.41,20,0.9,215.8,2589.6,154.37,61.43,0.7153,0.2847,0.091,0.0,0.0,0.0,0.9325,0.9268,-0.0057,2,0.0,1.2956,0.0,0.0,78.42,92.23,100.0,13.62,88.47,annual_decision_evidence_not_monthly_discount,7,0,3,0,existing_living_zone,LOW_RISK_EVENTS|NO_STRONG_RISK_CHANGE|OUT_ZONE_SAFE_DRIVING|STABLE_IN_ZONE_DRIVING,stable_reference
senior-monthly-score-table/v1,cust_004,driver_004,stable_local_low_mileage,2026-12,12,policy_30_30_20_20_p20_a75,rolling_60_day_dbscan,19,10,1,951.4,951.4,19,0.9,226.2,2714.4,106.9,119.3,0.4726,0.5274,0.3073,0.0,0.0,0.0,0.9537,0.8842,-0.0696,2,0.0,0.0,0.0,1.6764,77.38,99.67,87.23,38.0,82.96,annual_decision_evidence_not_monthly_discount,5,0,3,2,existing_living_zone,LOW_RISK_EVENTS|OUT_ZONE_PATTERN_CHANGE_RISK|OUT_ZONE_RATIO_INCREASE|OUT_ZONE_SAFE_DRIVING|STABLE_IN_ZONE_DRIVING,stable_reference
senior-monthly-score-table/v1,cust_005,driver_005,stable_local_low_mileage,2026-01,1,policy_30_30_20_20_p20_a75,pre_policy_60_day_dbscan,30,13,1,1326.14,1326.14,30,0.9,280.8,3369.6,255.45,25.35,0.9097,0.0903,-0.1091,0.0,0.0,0.0,0.6759,0.7123,0.0363,2,0.0,0.7829,0.0,0.0,71.92,95.3,100.0,2.49,89.67,annual_decision_evidence_not_monthly_discount,12,0,1,0,existing_living_zone,LOW_RISK_EVENTS|NO_STRONG_RISK_CHANGE|OUT_ZONE_SAFE_DRIVING|STABLE_IN_ZONE_DRIVING,stable_reference
senior-monthly-score-table/v1,cust_005,driver_005,stable_local_low_mileage,2026-02,2,policy_30_30_20_20_p20_a75,rolling_60_day_dbscan,26,14,1,1403.7,1403.7,26,0.9,262.8,3153.6,206.8,56.0,0.7869,0.2131,0.0196,0.0,0.0,0.0,0.5486,0.761,0.2124,2,0.0,0.4836,0.0,1.7857,73.72,97.1,90.18,5.49,88.18,annual_decision_evidence_not_monthly_discount,11,0,2,1,existing_living_zone,LOW_RISK_EVENTS|OUT_ZONE_PATTERN_CHANGE_RISK|OUT_ZONE_SAFE_DRIVING|STABLE_IN_ZONE_DRIVING,stable_reference
senior-monthly-score-table/v1,cust_005,driver_005,stable_local_low_mileage,2026-03,3,policy_30_30_20_20_p20_a75,rolling_60_day_dbscan,27,13,1,1437.14,1437.14,27,0.9,295.2,3542.4,267.01,28.19,0.9045,0.0955,-0.0542,0.0,0.0,0.0,0.7358,0.6775,-0.0583,2,0.0,0.749,0.0,0.0,70.48,95.51,100.0,2.31,89.33,annual_decision_evidence_not_monthly_discount,12,0,1,0,existing_living_zone,LOW_RISK_EVENTS|NO_STRONG_RISK_CHANGE|OUT_ZONE_SAFE_DRIVING|STABLE_IN_ZONE_DRIVING,stable_reference
senior-monthly-score-table/v1,cust_005,driver_005,stable_local_low_mileage,2026-04,4,policy_30_30_20_20_p20_a75,rolling_60_day_dbscan,27,13,1,825.66,825.66,27,0.9,298.8,3585.6,210.67,88.13,0.7051,0.2949,0.017,0.0,0.0,0.0,0.7168,0.6693,-0.0475,2,0.0,0.4747,0.0,1.1347,70.12,97.15,93.76,4.29,88.07,annual_decision_evidence_not_monthly_discount,9,0,3,1,existing_living_zone,LOW_RISK_EVENTS|OUT_ZONE_PATTERN_CHANGE_RISK|OUT_ZONE_SAFE_DRIVING|STABLE_IN_ZONE_DRIVING,stable_reference
senior-monthly-score-table/v1,cust_005,driver_005,stable_local_low_mileage,2026-05,5,policy_30_30_20_20_p20_a75,rolling_60_day_dbscan,25,15,1,797.33,797.33,25,0.9,313.2,3758.4,124.76,188.44,0.3983,0.6017,0.3235,0.0,0.0,0.0,0.707,0.6386,-0.0684,2,0.0,0.8015,0.0,0.5307,68.68,93.97,92.05,37.0,79.81,annual_decision_evidence_not_monthly_discount,6,3,5,1,existing_living_zone,CANDIDATE_LIVING_ZONE|LOW_RISK_EVENTS|OUT_ZONE_PATTERN_CHANGE_RISK|OUT_ZONE_RATIO_INCREASE|OUT_ZONE_SAFE_DRIVING|STABLE_IN_ZONE_DRIVING,stable_reference
senior-monthly-score-table/v1,cust_005,driver_005,stable_local_low_mileage,2026-06,6,policy_30_30_20_20_p20_a75,rolling_60_day_dbscan,27,14,1,1321.73,1321.73,27,0.9,295.2,3542.4,275.55,19.65,0.9334,0.0666,-0.2247,0.0,0.0,0.0,0.6779,0.6775,-0.0004,2,0.0,0.7258,0.0,0.0,70.48,95.65,100.0,2.14,89.41,annual_decision_evidence_not_monthly_discount,13,0,1,0,existing_living_zone,LOW_RISK_EVENTS|NO_STRONG_RISK_CHANGE|OUT_ZONE_SAFE_DRIVING|STABLE_IN_ZONE_DRIVING,stable_reference
senior-monthly-score-table/v1,cust_005,driver_005,stable_local_low_mileage,2026-07,7,policy_30_30_20_20_p20_a75,rolling_60_day_dbscan,28,13,1,1365.22,1365.22,28,0.9,302.4,3628.8,284.22,18.18,0.9399,0.0601,-0.1519,0.0,0.0,0.0,0.5085,0.6614,0.1529,2,0.0,0.7037,0.0,0.0,69.76,95.78,100.0,3.07,89.05,annual_decision_evidence_not_monthly_discount,12,0,1,0,existing_living_zone,LOW_RISK_EVENTS|NO_STRONG_RISK_CHANGE|OUT_ZONE_SAFE_DRIVING|STABLE_IN_ZONE_DRIVING,stable_reference
senior-monthly-score-table/v1,cust_005,driver_005,stable_local_low_mileage,2026-08,8,policy_30_30_20_20_p20_a75,rolling_60_day_dbscan,26,16,1,636.73,636.73,26,0.9,316.8,3801.6,162.46,154.34,0.5128,0.4872,0.1766,0.0,0.0,0.0,0.6947,0.6313,-0.0634,2,0.0,1.2311,0.0,0.0,68.32,92.61,97.26,22.48,83.23,annual_decision_evidence_not_monthly_discount,8,0,8,0,existing_living_zone,LOW_RISK_EVENTS|OUT_ZONE_RATIO_INCREASE|OUT_ZONE_SAFE_DRIVING|STABLE_IN_ZONE_DRIVING,stable_reference
senior-monthly-score-table/v1,cust_005,driver_005,stable_local_low_mileage,2026-09,9,policy_30_30_20_20_p20_a75,rolling_60_day_dbscan,28,15,1,970.36,970.36,28,0.9,309.6,3715.2,236.3,73.3,0.7632,0.2368,-0.0203,0.0,0.0,0.0,0.6698,0.646,-0.0238,2,0.0,0.4232,0.0,1.3643,69.04,97.46,92.5,2.0,88.05,annual_decision_evidence_not_monthly_discount,11,0,3,1,existing_living_zone,LOW_RISK_EVENTS|OUT_ZONE_PATTERN_CHANGE_RISK|OUT_ZONE_SAFE_DRIVING|STABLE_IN_ZONE_DRIVING,stable_reference
senior-monthly-score-table/v1,cust_005,driver_005,stable_local_low_mileage,2026-10,10,policy_30_30_20_20_p20_a75,rolling_60_day_dbscan,30,15,1,1418.0,1418.0,30,0.9,313.2,3758.4,296.18,17.02,0.9457,0.0543,-0.0748,0.0,0.0,0.0,0.6556,0.6386,-0.017,2,0.0,0.6753,0.0,0.0,68.68,95.95,100.0,2.0,88.99,annual_decision_evidence_not_monthly_discount,14,0,1,0,existing_living_zone,LOW_RISK_EVENTS|NO_STRONG_RISK_CHANGE|OUT_ZONE_SAFE_DRIVING|STABLE_IN_ZONE_DRIVING,stable_reference
senior-monthly-score-table/v1,cust_005,driver_005,stable_local_low_mileage,2026-11,11,policy_30_30_20_20_p20_a75,rolling_60_day_dbscan,29,14,1,1526.45,1526.45,29,0.9,298.8,3585.6,263.28,35.52,0.8811,0.1189,0.0208,0.0,0.0,0.0,0.659,0.6693,0.0104,2,0.0,0.7596,0.0,0.0,70.12,95.44,100.0,4.62,88.74,annual_decision_evidence_not_monthly_discount,12,0,2,0,existing_living_zone,LOW_RISK_EVENTS|NO_STRONG_RISK_CHANGE|OUT_ZONE_SAFE_DRIVING|STABLE_IN_ZONE_DRIVING,stable_reference
senior-monthly-score-table/v1,cust_005,driver_005,stable_local_low_mileage,2026-12,12,policy_30_30_20_20_p20_a75,rolling_60_day_dbscan,29,14,1,1010.19,1010.19,29,0.9,313.2,3758.4,251.07,62.13,0.8016,0.1984,-0.0206,0.0,0.0,0.0,0.6536,0.6386,-0.015,2,0.0,0.7966,0.0,0.0,68.68,95.22,100.0,2.14,88.74,annual_decision_evidence_not_monthly_discount,11,0,3,0,existing_living_zone,LOW_RISK_EVENTS|NO_STRONG_RISK_CHANGE|OUT_ZONE_SAFE_DRIVING|STABLE_IN_ZONE_DRIVING,stable_reference
senior-monthly-score-table/v1,cust_006,driver_006,stable_outer_safe,2026-01,1,policy_30_30_20_20_p20_a75,pre_policy_60_day_dbscan,32,16,2,1316.41,1316.41,32,0.9,494.25,5931.0,406.81,87.44,0.8231,0.1769,-0.1328,0.0505,0.0697,0.0192,1.1231,1.0116,-0.1114,5,0.0847,0.9833,0.0,1.1436,50.57,93.08,93.71,6.61,80.52,annual_decision_evidence_not_monthly_discount,13,0,2,1,existing_living_zone,LOW_NIGHT_DRIVING|OUT_ZONE_PATTERN_CHANGE_RISK|OUT_ZONE_SAFE|OUT_ZONE_SAFE_DRIVING,safe_outer_repeat
senior-monthly-score-table/v1,cust_006,driver_006,stable_outer_safe,2026-02,2,policy_30_30_20_20_p20_a75,rolling_60_day_dbscan,30,14,2,958.22,958.22,30,0.9,462.57,5550.84,438.63,23.94,0.9482,0.0518,-0.1399,0.0621,0.0682,0.006,1.0196,1.0809,0.0613,5,0.0719,1.1399,0.0,0.0,53.74,92.3,100.0,6.26,82.56,annual_decision_evidence_not_monthly_discount,13,1,0,0,existing_living_zone,CANDIDATE_LIVING_ZONE|LOW_NIGHT_DRIVING|NO_STRONG_RISK_CHANGE|OUT_ZONE_SAFE,safe_outer_repeat
senior-monthly-score-table/v1,cust_006,driver_006,stable_outer_safe,2026-03,3,policy_30_30_20_20_p20_a75,rolling_60_day_dbscan,31,17,2,825.63,825.63,31,0.9,519.6,6235.2,375.51,144.09,0.7227,0.2773,0.0912,0.094,0.0495,-0.0445,1.017,1.1547,0.1378,6,0.0,1.0652,0.1786,1.388,48.04,93.61,89.69,16.62,77.11,annual_decision_evidence_not_monthly_discount,12,0,3,2,existing_living_zone,LOW_NIGHT_DRIVING|OUT_ZONE_PATTERN_CHANGE_RISK|OUT_ZONE_SAFE|OUT_ZONE_SAFE_DRIVING,safe_outer_repeat
senior-monthly-score-table/v1,cust_006,driver_006,stable_outer_safe,2026-04,4,policy_30_30_20_20_p20_a75,rolling_60_day_dbscan,31,17,2,777.79,777.79,31,0.9,578.53,6942.36,292.13,286.4,0.505,0.495,0.2007,0.0583,0.0654,0.0071,1.12,1.0371,-0.0829,6,0.0,1.3693,0.1322,0.6983,42.15,91.78,91.28,29.42,72.55,annual_decision_evidence_not_monthly_discount,9,0,5,3,existing_living_zone,LOW_NIGHT_DRIVING|OUT_ZONE_PATTERN_CHANGE_RISK|OUT_ZONE_RATIO_INCREASE|OUT_ZONE_SAFE|OUT_ZONE_SAFE_DRIVING,safe_outer_repeat
senior-monthly-score-table/v1,cust_006,driver_006,stable_outer_safe,2026-05,5,policy_30_30_20_20_p20_a75,rolling_60_day_dbscan,33,17,3,668.7,668.7,33,0.9,551.28,6615.36,285.08,266.2,0.5171,0.4829,0.1149,0.0593,0.0522,-0.0071,1.1198,1.0884,-0.0315,6,0.101,1.7539,0.0,0.3757,44.87,88.26,95.28,18.7,75.26,annual_decision_evidence_not_monthly_discount,9,1,6,1,existing_living_zone,CANDIDATE_LIVING_ZONE|LOW_NIGHT_DRIVING|OUT_ZONE_PATTERN_CHANGE_RISK|OUT_ZONE_SAFE|OUT_ZONE_SAFE_DRIVING,safe_outer_repeat
senior-monthly-score-table/v1,cust_006,driver_006,stable_outer_safe,2026-06,6,policy_30_30_20_20_p20_a75,rolling_60_day_dbscan,34,15,3,1216.02,1216.02,34,0.9,519.6,6235.2,422.6,97.0,0.8133,0.1867,-0.12,0.059,0.064,0.005,1.0621,1.1547,0.0926,6,0.0787,0.9465,0.0,2.0619,48.04,93.38,88.66,6.96,78.77,annual_decision_evidence_not_monthly_discount,12,0,1,2,existing_living_zone,LOW_NIGHT_DRIVING|OUT_ZONE_PATTERN_CHANGE_RISK|OUT_ZONE_SAFE|OUT_ZONE_SAFE_DRIVING,safe_outer_repeat
senior-monthly-score-table/v1,cust_006,driver_006,stable_outer_safe,2026-07,7,policy_30_30_20_20_p20_a75,rolling_60_day_dbscan,31,17,2,1403.52,1403.52,31,0.9,532.27,6387.24,381.63,150.64,0.717,0.283,0.1277,0.0595,0.0612,0.0017,1.152,1.1272,-0.0248,6,0.0,1.0481,0.2164,1.3277,46.77,93.71,89.45,20.36,75.96,annual_decision_evidence_not_monthly_discount,12,0,3,2,existing_living_zone,LOW_NIGHT_DRIVING|OUT_ZONE_PATTERN_CHANGE_RISK|OUT_ZONE_RATIO_INCREASE|OUT_ZONE_SAFE|OUT_ZONE_SAFE_DRIVING,safe_outer_repeat
senior-monthly-score-table/v1,cust_006,driver_006,stable_outer_safe,2026-08,8,policy_30_30_20_20_p20_a75,rolling_60_day_dbscan,31,19,2,1430.39,1430.39,31,0.9,613.37,7360.44,544.8,68.57,0.8882,0.1118,-0.0013,0.0641,0.0441,-0.02,1.0712,1.1412,0.07,7,0.0497,1.1013,0.0,1.4584,38.66,92.8,91.98,5.88,76.66,annual_decision_evidence_not_monthly_discount,17,0,1,1,existing_living_zone,LOW_NIGHT_DRIVING|OUT_ZONE_PATTERN_CHANGE_RISK|OUT_ZONE_SAFE|OUT_ZONE_SAFE_DRIVING,safe_outer_repeat
senior-monthly-score-table/v1,cust_006,driver_006,stable_outer_safe,2026-09,9,policy_30_30_20_20_p20_a75,rolling_60_day_dbscan,34,17,2,1333.33,1333.33,34,0.9,544.94,6539.28,411.69,133.25,0.7555,0.2445,0.0355,0.0544,0.0684,0.014,1.1858,1.101,-0.0847,6,0.0,1.4574,0.2796,0.0,45.51,91.26,95.81,10.84,78.03,annual_decision_evidence_not_monthly_discount,13,0,3,1,existing_living_zone,LOW_NIGHT_DRIVING|OUT_ZONE_PATTERN_CHANGE_RISK|OUT_ZONE_SAFE|OUT_ZONE_SAFE_DRIVING,safe_outer_repeat
senior-monthly-score-table/v1,cust_006,driver_006,stable_outer_safe,2026-10,10,policy_30_30_20_20_p20_a75,rolling_60_day_dbscan,35,18,2,1283.63,1283.63,35,0.9,606.4,7276.8,570.58,35.82,0.9409,0.0591,-0.1494,0.0329,0.0404,0.0074,1.1492,1.1544,0.0052,7,0.0429,1.2268,0.0,0.0,39.36,92.12,100.0,6.6,78.12,annual_decision_evidence_not_monthly_discount,17,0,1,0,existing_living_zone,LOW_NIGHT_DRIVING|NO_STRONG_RISK_CHANGE|OUT_ZONE_SAFE|OUT_ZONE_SAFE_DRIVING,safe_outer_repeat
senior-monthly-score-table/v1,cust_006,driver_006,stable_outer_safe,2026-11,11,policy_30_30_20_20_p20_a75,rolling_60_day_dbscan,34,15,2,956.7,956.7,34,0.9,525.93,6311.16,199.04,326.89,0.3785,0.6215,0.312,0.0556,0.0544,-0.0012,1.1717,1.1408,-0.0309,6,0.1437,1.5072,0.0,0.9177,47.41,87.77,89.52,41.0,70.26,annual_decision_evidence_not_monthly_discount,6,0,7,2,out_zone_safe_driving,LOW_NIGHT_DRIVING|OUT_ZONE_PATTERN_CHANGE_RISK|OUT_ZONE_RATIO_INCREASE|OUT_ZONE_SAFE|OUT_ZONE_SAFE_DRIVING,safe_outer_repeat
senior-monthly-score-table/v1,cust_006,driver_006,stable_outer_safe,2026-12,12,policy_30_30_20_20_p20_a75,rolling_60_day_dbscan,32,17,2,1346.68,1346.68,32,0.9,551.26,6615.12,525.51,25.75,0.9533,0.0467,-0.1238,0.0481,0.0564,0.0083,1.0862,1.0884,0.0023,6,0.0592,1.1417,0.0,0.0,44.87,92.44,100.0,6.14,79.97,annual_decision_evidence_not_monthly_discount,16,0,1,0,existing_living_zone,LOW_NIGHT_DRIVING|NO_STRONG_RISK_CHANGE|OUT_ZONE_SAFE|OUT_ZONE_SAFE_DRIVING,safe_outer_repeat
senior-monthly-score-table/v1,cust_007,driver_007,stable_outer_safe,2026-01,1,policy_30_30_20_20_p20_a75,pre_policy_60_day_dbscan,31,13,3,656.76,656.76,31,0.9,448.62,5383.44,315.47,133.15,0.7032,0.2968,0.0105,0.0668,0.0969,0.0301,1.1342,1.1145,-0.0197,5,0.1378,1.2679,0.0,0.751,55.14,90.74,95.87,10.0,80.94,annual_decision_evidence_not_monthly_discount,9,0,3,1,existing_living_zone,LOW_NIGHT_DRIVING|OUT_ZONE_PATTERN_CHANGE_RISK|OUT_ZONE_SAFE|OUT_ZONE_SAFE_DRIVING,safe_outer_repeat
senior-monthly-score-table/v1,cust_007,driver_007,stable_outer_safe,2026-02,2,policy_30_30_20_20_p20_a75,rolling_60_day_dbscan,26,13,3,629.81,629.81,26,0.9,419.87,5038.44,323.96,95.91,0.7716,0.2284,-0.0166,0.081,0.0699,-0.0111,1.009,1.1908,0.1819,5,0.0906,1.2347,0.0,1.0426,58.01,91.5,94.27,6.68,82.37,annual_decision_evidence_not_monthly_discount,10,0,2,1,existing_living_zone,LOW_NIGHT_DRIVING|OUT_ZONE_PATTERN_CHANGE_RISK|OUT_ZONE_SAFE|OUT_ZONE_SAFE_DRIVING,safe_outer_repeat
senior-monthly-score-table/v1,cust_007,driver_007,stable_outer_safe,2026-03,3,policy_30_30_20_20_p20_a75,rolling_60_day_dbscan,26,15,3,552.95,552.95,26,0.9,471.63,5659.56,268.34,203.29,0.569,0.431,0.0579,0.0838,0.063,-0.0209,1.1514,1.0602,-0.0913,5,0.1106,1.4906,0.0,0.4919,52.84,89.73,95.67,11.75,79.56,annual_decision_evidence_not_monthly_discount,9,1,4,1,existing_living_zone,CANDIDATE_LIVING_ZONE|LOW_NIGHT_DRIVING|OUT_ZONE_PATTERN_CHANGE_RISK|OUT_ZONE_SAFE|OUT_ZONE_SAFE_DRIVING,safe_outer_repeat
senior-monthly-score-table/v1,cust_007,driver_007,stable_outer_safe,2026-04,4,policy_30_30_20_20_p20_a75,rolling_60_day_dbscan,28,16,3,582.99,582.99,28,0.9,525.12,6301.44,310.35,214.77,0.591,0.409,0.0734,0.0662,0.0762,0.01,1.1217,1.1426,0.0209,6,0.129,0.9667,0.0,1.3968,47.49,92.65,91.14,15.29,77.21,annual_decision_evidence_not_monthly_discount,10,0,4,2,existing_living_zone,LOW_NIGHT_DRIVING|OUT_ZONE_PATTERN_CHANGE_RISK|OUT_ZONE_SAFE|OUT_ZONE_SAFE_DRIVING,safe_outer_repeat
senior-monthly-score-table/v1,cust_007,driver_007,stable_outer_safe,2026-05,5,policy_30_30_20_20_p20_a75,rolling_60_day_dbscan,30,16,4,472.71,500.0,30,0.9,500.39,6004.68,407.39,93.0,0.8141,0.1859,-0.1358,0.0717,0.0643,-0.0074,1.029,1.1991,0.17,6,0.079,0.7364,0.0,3.2258,49.96,94.63,82.26,6.47,78.53,annual_decision_evidence_not_monthly_discount,13,0,1,2,existing_living_zone,LOW_NIGHT_DRIVING|OUT_ZONE_PATTERN_CHANGE_RISK|OUT_ZONE_SAFE|OUT_ZONE_SAFE_DRIVING,safe_outer_repeat
senior-monthly-score-table/v1,cust_007,driver_007,stable_outer_safe,2026-06,6,policy_30_30_20_20_p20_a75,rolling_60_day_dbscan,31,14,3,685.9,685.9,31,0.9,471.63,5659.56,402.11,69.52,0.8526,0.1474,-0.0703,0.0723,0.0571,-0.0152,1.0009,1.0602,0.0593,5,0.0,1.2434,0.3875,0.0,52.84,92.54,94.19,5.65,81.32,annual_decision_evidence_not_monthly_discount,12,0,1,1,existing_living_zone,LOW_NIGHT_DRIVING|OUT_ZONE_PATTERN_CHANGE_RISK|OUT_ZONE_SAFE|OUT_ZONE_SAFE_DRIVING,safe_outer_repeat
senior-monthly-score-table/v1,cust_007,driver_007,stable_outer_safe,2026-07,7,policy_30_30_20_20_p20_a75,rolling_60_day_dbscan,29,15,3,509.47,509.47,29,0.9,483.13,5797.56,250.19,232.94,0.5179,0.4821,0.1983,0.0627,0.0569,-0.0058,1.1656,1.0349,-0.1307,5,0.1098,1.1991,0.0,0.8586,51.69,91.49,92.64,28.14,75.85,annual_decision_evidence_not_monthly_discount,8,1,4,2,existing_living_zone,CANDIDATE_LIVING_ZONE|LOW_NIGHT_DRIVING|OUT_ZONE_PATTERN_CHANGE_RISK|OUT_ZONE_RATIO_INCREASE|OUT_ZONE_SAFE|OUT_ZONE_SAFE_DRIVING,safe_outer_repeat
senior-monthly-score-table/v1,cust_007,driver_007,stable_outer_safe,2026-08,8,policy_30_30_20_20_p20_a75,rolling_60_day_dbscan,28,17,2,668.5,668.5,28,0.9,556.75,6681.0,282.7,274.05,0.5078,0.4922,0.2017,0.0587,0.058,-0.0007,1.0787,1.0777,-0.0011,6,0.1143,1.0612,0.0,1.0947,44.33,92.26,91.14,28.83,73.44,annual_decision_evidence_not_monthly_discount,9,0,6,2,existing_living_zone,LOW_NIGHT_DRIVING|OUT_ZONE_PATTERN_CHANGE_RISK|OUT_ZONE_RATIO_INCREASE|OUT_ZONE_SAFE|OUT_ZONE_SAFE_DRIVING,safe_outer_repeat
senior-monthly-score-table/v1,cust_007,driver_007,stable_outer_safe,2026-09,9,policy_30_30_20_20_p20_a75,rolling_60_day_dbscan,31,15,3,688.7,688.7,31,0.9,494.64,5935.68,469.47,25.17,0.9491,0.0509,-0.1962,0.0594,0.0653,0.0059,1.0925,1.0108,-0.0817,5,0.0688,1.065,0.0,0.0,50.54,92.78,100.0,5.59,81.88,annual_decision_evidence_not_monthly_discount,14,0,1,0,existing_living_zone,LOW_NIGHT_DRIVING|NO_STRONG_RISK_CHANGE|OUT_ZONE_SAFE|OUT_ZONE_SAFE_DRIVING,safe_outer_repeat
senior-monthly-score-table/v1,cust_007,driver_007,stable_outer_safe,2026-10,10,policy_30_30_20_20_p20_a75,rolling_60_day_dbscan,31,18,3,664.0,664.0,31,0.9,550.43,6605.16,415.76,134.67,0.7553,0.2447,-0.0182,0.0632,0.0493,-0.0139,1.076,1.0901,0.0141,6,0.0652,0.9621,0.0,1.4851,44.96,93.44,91.83,5.07,78.87,annual_decision_evidence_not_monthly_discount,13,0,3,2,existing_living_zone,LOW_NIGHT_DRIVING|OUT_ZONE_PATTERN_CHANGE_RISK|OUT_ZONE_SAFE|OUT_ZONE_SAFE_DRIVING,safe_outer_repeat
senior-monthly-score-table/v1,cust_007,driver_007,stable_outer_safe,2026-11,11,policy_30_30_20_20_p20_a75,rolling_60_day_dbscan,32,14,3,420.54,500.0,32,0.9,477.38,5728.56,252.14,225.24,0.5282,0.4718,0.2572,0.0589,0.06,0.0011,0.9917,1.0474,0.0557,5,0.0,1.5864,0.1272,0.444,52.26,90.48,93.21,35.75,74.31,annual_decision_evidence_not_monthly_discount,7,0,5,2,existing_living_zone,LOW_NIGHT_DRIVING|OUT_ZONE_PATTERN_CHANGE_RISK|OUT_ZONE_RATIO_INCREASE|OUT_ZONE_SAFE|OUT_ZONE_SAFE_DRIVING,safe_outer_repeat
senior-monthly-score-table/v1,cust_007,driver_007,stable_outer_safe,2026-12,12,policy_30_30_20_20_p20_a75,rolling_60_day_dbscan,32,16,3,593.41,593.41,32,0.9,500.41,6004.92,313.8,186.61,0.6271,0.3729,0.0569,0.0543,0.0466,-0.0077,1.0702,1.199,0.1288,6,0.0,0.3187,0.125,2.6794,49.96,98.09,82.93,12.91,78.42,annual_decision_evidence_not_monthly_discount,10,0,3,3,existing_living_zone,LOW_NIGHT_DRIVING|OUT_ZONE_PATTERN_CHANGE_RISK|OUT_ZONE_SAFE|OUT_ZONE_SAFE_DRIVING,safe_outer_repeat
senior-monthly-score-table/v1,cust_008,driver_008,stable_outer_safe,2026-01,1,policy_30_30_20_20_p20_a75,pre_policy_60_day_dbscan,43,19,3,1319.51,1319.51,43,0.9,623.51,7482.12,623.51,0,1.0,0.0,-0.1204,0.0445,0.0676,0.023,1.1128,1.1227,0.0099,7,0.0676,1.1227,0.0,0.0,37.65,92.45,100.0,7.88,77.45,annual_decision_evidence_not_monthly_discount,19,0,0,0,existing_living_zone,LOW_NIGHT_DRIVING|NO_STRONG_RISK_CHANGE|OUT_ZONE_SAFE,safe_outer_repeat
senior-monthly-score-table/v1,cust_008,driver_008,stable_outer_safe,2026-02,2,policy_30_30_20_20_p20_a75,rolling_60_day_dbscan,39,17,3,1329.6,1329.6,39,0.9,583.54,7002.48,508.07,75.47,0.8707,0.1293,-0.0069,0.0594,0.0632,0.0038,1.1977,1.0282,-0.1695,6,0.0725,0.9841,0.0,1.325,41.65,93.23,92.71,5.67,77.87,annual_decision_evidence_not_monthly_discount,15,0,1,1,existing_living_zone,LOW_NIGHT_DRIVING|OUT_ZONE_PATTERN_CHANGE_RISK|OUT_ZONE_SAFE|OUT_ZONE_SAFE_DRIVING,safe_outer_repeat
senior-monthly-score-table/v1,cust_008,driver_008,stable_outer_safe,2026-03,3,policy_30_30_20_20_p20_a75,rolling_60_day_dbscan,36,20,2,673.0,673.0,36,0.9,655.49,7865.88,417.09,238.4,0.6363,0.3637,0.0777,0.0654,0.0461,-0.0193,1.077,1.0679,-0.0091,7,0.0725,1.1988,0.0,0.8389,34.45,91.94,95.11,14.31,74.08,annual_decision_evidence_not_monthly_discount,13,1,4,2,existing_living_zone,CANDIDATE_LIVING_ZONE|LOW_NIGHT_DRIVING|OUT_ZONE_PATTERN_CHANGE_RISK|OUT_ZONE_SAFE|OUT_ZONE_SAFE_DRIVING,safe_outer_repeat
senior-monthly-score-table/v1,cust_008,driver_008,stable_outer_safe,2026-04,4,policy_30_30_20_20_p20_a75,rolling_60_day_dbscan,37,23,2,1366.18,1366.18,37,0.9,729.83,8757.96,570.61,159.22,0.7818,0.2182,0.0233,0.0541,0.0535,-0.0007,1.0492,1.0961,0.0469,8,0.0684,1.2268,0.0,0.6281,27.02,91.82,96.55,8.17,73.33,annual_decision_evidence_not_monthly_discount,18,0,4,1,existing_living_zone,LOW_NIGHT_DRIVING|OUT_ZONE_PATTERN_CHANGE_RISK|OUT_ZONE_SAFE|OUT_ZONE_SAFE_DRIVING,safe_outer_repeat
senior-monthly-score-table/v1,cust_008,driver_008,stable_outer_safe,2026-05,5,policy_30_30_20_20_p20_a75,rolling_60_day_dbscan,43,21,3,627.13,627.13,43,0.9,695.46,8345.52,492.32,203.14,0.7079,0.2921,-0.0274,0.05,0.0493,-0.0007,1.0828,1.1503,0.0675,8,0.0697,1.2187,0.0,0.9845,30.45,91.85,94.59,6.05,74.4,annual_decision_evidence_not_monthly_discount,15,0,4,2,existing_living_zone,LOW_NIGHT_DRIVING|OUT_ZONE_PATTERN_CHANGE_RISK|OUT_ZONE_SAFE|OUT_ZONE_SAFE_DRIVING,safe_outer_repeat
senior-monthly-score-table/v1,cust_008,driver_008,stable_outer_safe,2026-06,6,policy_30_30_20_20_p20_a75,rolling_60_day_dbscan,43,19,3,659.92,659.92,43,0.9,655.49,7865.88,458.56,196.93,0.6996,0.3004,0.0526,0.0525,0.0462,-0.0063,1.1454,1.0679,-0.0775,7,0.0661,0.8723,0.0,1.5234,34.45,93.97,91.62,11.66,74.52,annual_decision_evidence_not_monthly_discount,13,0,3,3,existing_living_zone,LOW_NIGHT_DRIVING|OUT_ZONE_PATTERN_CHANGE_RISK|OUT_ZONE_SAFE|OUT_ZONE_SAFE_DRIVING,safe_outer_repeat
senior-monthly-score-table/v1,cust_008,driver_008,stable_outer_safe,2026-07,7,policy_30_30_20_20_p20_a75,rolling_60_day_dbscan,40,22,2,647.86,647.86,40,0.9,671.47,8057.64,422.43,249.04,0.6291,0.3709,0.1519,0.0478,0.0388,-0.009,1.1103,1.0425,-0.0678,7,0.0,1.1836,0.1046,0.8031,32.85,92.9,93.6,22.49,71.95,annual_decision_evidence_not_monthly_discount,13,0,6,3,existing_living_zone,LOW_NIGHT_DRIVING|OUT_ZONE_PATTERN_CHANGE_RISK|OUT_ZONE_RATIO_INCREASE|OUT_ZONE_SAFE|OUT_ZONE_SAFE_DRIVING,safe_outer_repeat
senior-monthly-score-table/v1,cust_008,driver_008,stable_outer_safe,2026-08,8,policy_30_30_20_20_p20_a75,rolling_60_day_dbscan,40,24,2,1317.82,1317.82,40,0.9,773.79,9285.48,630.93,142.86,0.8154,0.1846,-0.0412,0.0437,0.0439,0.0002,1.0868,1.1631,0.0763,9,0.0539,1.1095,0.0,1.4,22.62,92.7,92.3,6.03,71.85,annual_decision_evidence_not_monthly_discount,20,1,2,1,existing_living_zone,CANDIDATE_LIVING_ZONE|LOW_NIGHT_DRIVING|OUT_ZONE_PATTERN_CHANGE_RISK|OUT_ZONE_SAFE|OUT_ZONE_SAFE_DRIVING,safe_outer_repeat
senior-monthly-score-table/v1,cust_008,driver_008,stable_outer_safe,2026-09,9,policy_30_30_20_20_p20_a75,rolling_60_day_dbscan,45,21,3,637.41,637.41,45,0.9,687.46,8249.52,494.72,192.74,0.7196,0.2804,-0.0123,0.0425,0.0408,-0.0016,1.1319,1.1637,0.0318,8,0.0567,1.0107,0.0,1.5565,31.25,93.26,91.44,5.87,74.47,annual_decision_evidence_not_monthly_discount,15,0,3,3,existing_living_zone,LOW_NIGHT_DRIVING|OUT_ZONE_PATTERN_CHANGE_RISK|OUT_ZONE_SAFE|OUT_ZONE_SAFE_DRIVING,safe_outer_repeat
senior-monthly-score-table/v1,cust_008,driver_008,stable_outer_safe,2026-10,10,policy_30_30_20_20_p20_a75,rolling_60_day_dbscan,43,25,3,607.14,607.14,43,0.9,765.0,9180.0,487.5,277.5,0.6373,0.3627,-0.0279,0.0446,0.0431,-0.0015,1.2228,1.0458,-0.1771,8,0.0,0.4103,0.1188,2.1622,23.5,97.54,86.07,4.8,72.57,annual_decision_evidence_not_monthly_discount,16,0,4,5,existing_living_zone,LOW_NIGHT_DRIVING|OUT_ZONE_PATTERN_CHANGE_RISK|OUT_ZONE_SAFE|OUT_ZONE_SAFE_DRIVING,safe_outer_repeat
senior-monthly-score-table/v1,cust_008,driver_008,stable_outer_safe,2026-11,11,policy_30_30_20_20_p20_a75,rolling_60_day_dbscan,46,22,2,631.82,631.82,46,0.9,663.48,7961.76,441.8,221.68,0.6659,0.3341,0.0304,0.042,0.0437,0.0017,1.1016,1.055,-0.0465,7,0.0657,0.9054,0.0,1.3533,33.65,93.78,92.56,8.49,75.04,annual_decision_evidence_not_monthly_discount,14,4,1,3,existing_living_zone,CANDIDATE_LIVING_ZONE|LOW_NIGHT_DRIVING|OUT_ZONE_PATTERN_CHANGE_RISK|OUT_ZONE_SAFE|OUT_ZONE_SAFE_DRIVING,safe_outer_repeat
senior-monthly-score-table/v1,cust_008,driver_008,stable_outer_safe,2026-12,12,policy_30_30_20_20_p20_a75,rolling_60_day_dbscan,45,22,2,645.61,645.61,45,0.9,695.48,8345.76,268.76,426.72,0.3864,0.6136,0.3732,0.0213,0.0558,0.0345,1.0299,1.1503,0.1203,8,0.0,1.4883,0.091,0.9374,30.45,89.71,88.21,44.51,64.79,annual_decision_evidence_not_monthly_discount,9,0,8,5,existing_living_zone,LOW_NIGHT_DRIVING|OUT_ZONE_PATTERN_CHANGE_RISK|OUT_ZONE_RATIO_INCREASE|OUT_ZONE_SAFE|OUT_ZONE_SAFE_DRIVING,safe_outer_repeat
senior-monthly-score-table/v1,cust_009,driver_009,stable_outer_safe,2026-01,1,policy_30_30_20_20_p20_a75,pre_policy_60_day_dbscan,36,17,3,958.89,958.89,36,0.9,539.87,6478.44,389.93,149.94,0.7223,0.2777,-0.0178,0.0626,0.0458,-0.0168,1.1139,1.1114,-0.0025,6,0.0633,1.0258,0.0,1.3339,46.01,93.09,92.66,5.29,79.2,annual_decision_evidence_not_monthly_discount,12,1,2,2,existing_living_zone,CANDIDATE_LIVING_ZONE|LOW_NIGHT_DRIVING|OUT_ZONE_PATTERN_CHANGE_RISK|OUT_ZONE_SAFE|OUT_ZONE_SAFE_DRIVING,safe_outer_repeat
senior-monthly-score-table/v1,cust_009,driver_009,stable_outer_safe,2026-02,2,policy_30_30_20_20_p20_a75,rolling_60_day_dbscan,33,16,2,943.06,943.06,33,0.9,505.26,6063.12,380.25,125.01,0.7526,0.2474,-0.0295,0.0573,0.0702,0.013,1.0381,1.1875,0.1494,6,0.0933,1.5779,0.0,0.0,49.47,89.41,100.0,7.67,80.13,annual_decision_evidence_not_monthly_discount,12,0,4,0,existing_living_zone,LOW_NIGHT_DRIVING|NO_STRONG_RISK_CHANGE|OUT_ZONE_SAFE|OUT_ZONE_SAFE_DRIVING,safe_outer_repeat
senior-monthly-score-table/v1,cust_009,driver_009,stable_outer_safe,2026-03,3,policy_30_30_20_20_p20_a75,rolling_60_day_dbscan,33,18,3,898.6,898.6,33,0.9,567.56,6810.72,428.0,139.56,0.7541,0.2459,0.021,0.0576,0.0678,0.0102,1.1482,1.0572,-0.091,6,0.0,0.9346,0.2759,1.4331,43.24,94.39,87.98,8.47,77.19,annual_decision_evidence_not_monthly_discount,14,0,2,2,existing_living_zone,LOW_NIGHT_DRIVING|OUT_ZONE_PATTERN_CHANGE_RISK|OUT_ZONE_SAFE|OUT_ZONE_SAFE_DRIVING,safe_outer_repeat
senior-monthly-score-table/v1,cust_009,driver_009,stable_outer_safe,2026-04,4,policy_30_30_20_20_p20_a75,rolling_60_day_dbscan,34,21,3,864.23,864.23,34,0.9,631.93,7583.16,406.71,225.22,0.6436,0.3564,0.147,0.069,0.0401,-0.0289,1.1185,1.1077,-0.0108,7,0.0623,1.4753,0.0,0.444,36.81,90.4,97.43,22.15,73.22,annual_decision_evidence_not_monthly_discount,14,2,4,1,existing_living_zone,CANDIDATE_LIVING_ZONE|LOW_NIGHT_DRIVING|OUT_ZONE_PATTERN_CHANGE_RISK|OUT_ZONE_RATIO_INCREASE|OUT_ZONE_SAFE|OUT_ZONE_SAFE_DRIVING,safe_outer_repeat
senior-monthly-score-table/v1,cust_009,driver_009,stable_outer_safe,2026-05,5,policy_30_30_20_20_p20_a75,rolling_60_day_dbscan,39,19,3,882.13,882.13,39,0.9,602.17,7226.04,355.5,246.67,0.5904,0.4096,0.2132,0.0532,0.047,-0.0062,1.0838,1.1625,0.0787,7,0.0,0.8439,0.1147,1.6216,39.78,94.94,88.17,30.79,71.89,annual_decision_evidence_not_monthly_discount,11,0,4,4,existing_living_zone,LOW_NIGHT_DRIVING|OUT_ZONE_PATTERN_CHANGE_RISK|OUT_ZONE_RATIO_INCREASE|OUT_ZONE_SAFE|OUT_ZONE_SAFE_DRIVING,safe_outer_repeat
senior-monthly-score-table/v1,cust_009,driver_009,stable_outer_safe,2026-06,6,policy_30_30_20_20_p20_a75,rolling_60_day_dbscan,40,18,3,963.24,963.24,40,0.9,567.56,6810.72,435.25,132.31,0.7669,0.2331,0.0071,0.0434,0.0525,0.009,1.1344,1.0572,-0.0773,6,0.0,0.919,0.225,1.5116,43.24,94.49,88.31,6.73,77.63,annual_decision_evidence_not_monthly_discount,14,0,1,3,existing_living_zone,LOW_NIGHT_DRIVING|OUT_ZONE_PATTERN_CHANGE_RISK|OUT_ZONE_SAFE|OUT_ZONE_SAFE_DRIVING,safe_outer_repeat
senior-monthly-score-table/v1,cust_009,driver_009,stable_outer_safe,2026-07,7,policy_30_30_20_20_p20_a75,rolling_60_day_dbscan,35,19,3,1295.21,1295.21,35,0.9,581.4,6976.8,486.05,95.35,0.836,0.164,-0.0931,0.0526,0.0627,0.0102,1.1773,1.032,-0.1453,6,0.0751,1.0287,0.0,1.0488,41.86,92.93,94.23,5.76,78.13,annual_decision_evidence_not_monthly_discount,16,0,2,1,existing_living_zone,LOW_NIGHT_DRIVING|OUT_ZONE_PATTERN_CHANGE_RISK|OUT_ZONE_SAFE|OUT_ZONE_SAFE_DRIVING,safe_outer_repeat
senior-monthly-score-table/v1,cust_009,driver_009,stable_outer_safe,2026-08,8,policy_30_30_20_20_p20_a75,rolling_60_day_dbscan,35,21,3,1615.23,1615.23,35,0.9,669.99,8039.88,473.45,196.54,0.7067,0.2933,0.1504,0.0612,0.0359,-0.0253,1.0168,1.0448,0.028,7,0.0508,0.8449,0.0,1.5264,33.0,94.32,91.6,22.69,71.98,annual_decision_evidence_not_monthly_discount,15,0,4,2,existing_living_zone,LOW_NIGHT_DRIVING|OUT_ZONE_PATTERN_CHANGE_RISK|OUT_ZONE_RATIO_INCREASE|OUT_ZONE_SAFE|OUT_ZONE_SAFE_DRIVING,safe_outer_repeat
senior-monthly-score-table/v1,cust_009,driver_009,stable_outer_safe,2026-09,9,policy_30_30_20_20_p20_a75,rolling_60_day_dbscan,38,20,3,1483.7,1483.7,38,0.9,595.24,7142.88,595.24,0,1.0,0.0,-0.1476,0.0507,0.0409,-0.0098,1.0879,1.176,0.0881,7,0.0409,1.176,0.0,0.0,40.48,92.45,100.0,5.69,78.74,annual_decision_evidence_not_monthly_discount,20,0,0,0,existing_living_zone,LOW_NIGHT_DRIVING|NO_STRONG_RISK_CHANGE|OUT_ZONE_SAFE,safe_outer_repeat
senior-monthly-score-table/v1,cust_009,driver_009,stable_outer_safe,2026-10,10,policy_30_30_20_20_p20_a75,rolling_60_day_dbscan,40,21,2,1489.8,1489.8,40,0.9,662.38,7948.56,593.42,68.96,0.8959,0.1041,-0.0832,0.0394,0.048,0.0086,1.1398,1.0568,-0.083,7,0.0536,1.0111,0.0,1.4501,33.76,93.29,92.02,5.86,75.35,annual_decision_evidence_not_monthly_discount,19,0,1,1,existing_living_zone,LOW_NIGHT_DRIVING|OUT_ZONE_PATTERN_CHANGE_RISK|OUT_ZONE_SAFE|OUT_ZONE_SAFE_DRIVING,safe_outer_repeat
senior-monthly-score-table/v1,cust_009,driver_009,stable_outer_safe,2026-11,11,policy_30_30_20_20_p20_a75,rolling_60_day_dbscan,40,19,2,900.07,900.07,40,0.9,574.48,6893.76,325.05,249.43,0.5658,0.4342,0.1666,0.0459,0.0487,0.0028,1.1435,1.0444,-0.0991,6,0.0,1.8459,0.1121,0.0,42.55,88.92,96.63,24.45,73.88,annual_decision_evidence_not_monthly_discount,11,0,7,1,existing_living_zone,LOW_NIGHT_DRIVING|OUT_ZONE_PATTERN_CHANGE_RISK|OUT_ZONE_RATIO_INCREASE|OUT_ZONE_SAFE|OUT_ZONE_SAFE_DRIVING,safe_outer_repeat
senior-monthly-score-table/v1,cust_009,driver_009,stable_outer_safe,2026-12,12,policy_30_30_20_20_p20_a75,rolling_60_day_dbscan,40,20,2,1581.54,1581.54,40,0.9,602.16,7225.92,488.55,113.61,0.8113,0.1887,0.06,0.0483,0.0538,0.0055,1.051,1.1625,0.1114,7,0.0663,1.2281,0.0,0.8802,39.78,91.84,95.16,13.36,75.85,annual_decision_evidence_not_monthly_discount,16,0,3,1,existing_living_zone,LOW_NIGHT_DRIVING|OUT_ZONE_PATTERN_CHANGE_RISK|OUT_ZONE_SAFE|OUT_ZONE_SAFE_DRIVING,safe_outer_repeat
senior-monthly-score-table/v1,cust_010,driver_010,stable_outer_safe,2026-01,1,policy_30_30_20_20_p20_a75,pre_policy_60_day_dbscan,27,13,2,954.91,954.91,27,0.9,425.81,5109.72,324.63,101.18,0.7624,0.2376,0.0659,0.0754,0.0716,-0.0038,1.0863,1.1742,0.0879,5,0.0939,0.9241,0.0,1.9767,57.42,93.33,89.13,13.9,80.27,annual_decision_evidence_not_monthly_discount,10,0,2,1,existing_living_zone,LOW_NIGHT_DRIVING|OUT_ZONE_PATTERN_CHANGE_RISK|OUT_ZONE_SAFE|OUT_ZONE_SAFE_DRIVING,safe_outer_repeat
senior-monthly-score-table/v1,cust_010,driver_010,stable_outer_safe,2026-02,2,policy_30_30_20_20_p20_a75,rolling_60_day_dbscan,25,13,2,1095.39,1095.39,25,0.9,398.52,4782.24,240.34,158.18,0.6031,0.3969,0.1922,0.0749,0.0666,-0.0083,1.1978,1.0037,-0.1941,4,0.0,0.8322,0.1679,1.2644,60.15,95.01,89.59,27.04,79.06,annual_decision_evidence_not_monthly_discount,8,0,3,2,existing_living_zone,LOW_NIGHT_DRIVING|OUT_ZONE_PATTERN_CHANGE_RISK|OUT_ZONE_RATIO_INCREASE|OUT_ZONE_SAFE|OUT_ZONE_SAFE_DRIVING,safe_outer_repeat
senior-monthly-score-table/v1,cust_010,driver_010,stable_outer_safe,2026-03,3,policy_30_30_20_20_p20_a75,rolling_60_day_dbscan,26,14,1,977.76,977.76,26,0.9,447.65,5371.8,244.65,203.0,0.5465,0.4535,0.0636,0.0692,0.0876,0.0184,1.0918,1.1169,0.0251,5,0.0,0.4087,0.1932,1.9704,55.23,97.55,84.19,14.74,79.72,annual_decision_evidence_not_monthly_discount,8,0,3,3,existing_living_zone,LOW_NIGHT_DRIVING|OUT_ZONE_PATTERN_CHANGE_RISK|OUT_ZONE_SAFE|OUT_ZONE_SAFE_DRIVING,safe_outer_repeat
senior-monthly-score-table/v1,cust_010,driver_010,stable_outer_safe,2026-04,4,policy_30_30_20_20_p20_a75,rolling_60_day_dbscan,27,17,2,1268.49,1268.49,27,0.9,498.42,5981.04,465.01,33.41,0.933,0.067,-0.1951,0.0777,0.0452,-0.0325,1.0636,1.0032,-0.0604,5,0.0485,1.0752,0.0,0.0,50.16,92.97,100.0,4.41,82.06,annual_decision_evidence_not_monthly_discount,16,0,1,0,existing_living_zone,LOW_NIGHT_DRIVING|NO_STRONG_RISK_CHANGE|OUT_ZONE_SAFE|OUT_ZONE_SAFE_DRIVING,safe_outer_repeat
senior-monthly-score-table/v1,cust_010,driver_010,stable_outer_safe,2026-05,5,policy_30_30_20_20_p20_a75,rolling_60_day_dbscan,30,15,2,1387.27,1387.27,30,0.9,474.95,5699.4,409.91,65.04,0.8631,0.1369,0.0271,0.067,0.0712,0.0042,1.0855,1.0527,-0.0327,5,0.0825,0.9758,0.0,1.5375,52.51,93.16,91.54,8.58,80.29,annual_decision_evidence_not_monthly_discount,13,0,1,1,existing_living_zone,LOW_NIGHT_DRIVING|OUT_ZONE_PATTERN_CHANGE_RISK|OUT_ZONE_SAFE|OUT_ZONE_SAFE_DRIVING,safe_outer_repeat
senior-monthly-score-table/v1,cust_010,driver_010,stable_outer_safe,2026-06,6,policy_30_30_20_20_p20_a75,rolling_60_day_dbscan,31,13,2,1348.1,1348.1,31,0.9,447.65,5371.8,340.24,107.41,0.7601,0.2399,0.0966,0.0356,0.0841,0.0486,1.0517,1.1169,0.0652,5,0.1107,1.1756,0.0,0.931,55.23,91.62,94.88,22.23,78.58,annual_decision_evidence_not_monthly_discount,10,1,1,1,existing_living_zone,CANDIDATE_LIVING_ZONE|LOW_NIGHT_DRIVING|OUT_ZONE_PATTERN_CHANGE_RISK|OUT_ZONE_SAFE|OUT_ZONE_SAFE_DRIVING,safe_outer_repeat
senior-monthly-score-table/v1,cust_010,driver_010,stable_outer_safe,2026-07,7,policy_30_30_20_20_p20_a75,rolling_60_day_dbscan,27,14,2,1413.27,1413.27,27,0.9,458.57,5502.84,393.77,64.8,0.8587,0.1413,-0.0121,0.0804,0.0878,0.0074,1.1247,1.0903,-0.0343,5,0.1023,1.2698,0.0,0.0,54.14,91.15,100.0,6.1,82.37,annual_decision_evidence_not_monthly_discount,12,0,2,0,existing_living_zone,LOW_NIGHT_DRIVING|NO_STRONG_RISK_CHANGE|OUT_ZONE_SAFE|OUT_ZONE_SAFE_DRIVING,safe_outer_repeat
senior-monthly-score-table/v1,cust_010,driver_010,stable_outer_safe,2026-08,8,policy_30_30_20_20_p20_a75,rolling_60_day_dbscan,26,16,3,708.91,708.91,26,0.9,528.44,6341.28,283.43,245.01,0.5364,0.4636,0.1829,0.0888,0.0586,-0.0302,1.0252,1.1354,0.1103,6,0.0,0.3528,0.1264,2.0407,47.16,97.88,84.61,27.51,74.93,annual_decision_evidence_not_monthly_discount,8,0,3,5,existing_living_zone,LOW_NIGHT_DRIVING|OUT_ZONE_PATTERN_CHANGE_RISK|OUT_ZONE_RATIO_INCREASE|OUT_ZONE_SAFE|OUT_ZONE_SAFE_DRIVING,safe_outer_repeat
senior-monthly-score-table/v1,cust_010,driver_010,stable_outer_safe,2026-09,9,policy_30_30_20_20_p20_a75,rolling_60_day_dbscan,28,14,3,885.29,885.29,28,0.9,469.49,5633.88,374.49,95.0,0.7977,0.2023,0.034,0.0763,0.08,0.0037,1.0707,1.065,-0.0058,5,0.1003,1.0681,0.0,1.0526,53.05,92.39,94.21,9.69,80.54,annual_decision_evidence_not_monthly_discount,11,1,1,1,existing_living_zone,CANDIDATE_LIVING_ZONE|LOW_NIGHT_DRIVING|OUT_ZONE_PATTERN_CHANGE_RISK|OUT_ZONE_SAFE|OUT_ZONE_SAFE_DRIVING,safe_outer_repeat
senior-monthly-score-table/v1,cust_010,driver_010,stable_outer_safe,2026-10,10,policy_30_30_20_20_p20_a75,rolling_60_day_dbscan,29,16,2,792.22,792.22,29,0.9,522.44,6269.28,410.71,111.73,0.7861,0.2139,-0.0921,0.0709,0.0807,0.0098,1.0348,1.1485,0.1137,6,0.1026,1.2174,0.0,0.895,47.76,91.46,95.08,7.17,79.35,annual_decision_evidence_not_monthly_discount,12,0,3,1,existing_living_zone,LOW_NIGHT_DRIVING|OUT_ZONE_PATTERN_CHANGE_RISK|OUT_ZONE_SAFE|OUT_ZONE_SAFE_DRIVING,safe_outer_repeat
senior-monthly-score-table/v1,cust_010,driver_010,stable_outer_safe,2026-11,11,policy_30_30_20_20_p20_a75,rolling_60_day_dbscan,29,13,3,684.13,684.13,29,0.9,453.11,5437.32,272.99,180.12,0.6025,0.3975,0.1186,0.0834,0.0568,-0.0266,1.1512,1.1035,-0.0478,5,0.0943,0.0,0.0,2.7759,54.69,98.87,83.78,19.61,78.9,annual_decision_evidence_not_monthly_discount,8,0,0,5,existing_living_zone,LOW_NIGHT_DRIVING|OUT_ZONE_PATTERN_CHANGE_RISK|OUT_ZONE_SAFE,safe_outer_repeat
senior-monthly-score-table/v1,cust_010,driver_010,stable_outer_safe,2026-12,12,policy_30_30_20_20_p20_a75,rolling_60_day_dbscan,27,15,3,990.96,990.96,27,0.9,474.95,5699.4,339.18,135.77,0.7141,0.2859,0.0486,0.0747,0.0694,-0.0053,1.1013,1.0527,-0.0486,5,0.0972,1.1793,0.0,0.7365,52.51,91.76,95.95,10.67,80.34,annual_decision_evidence_not_monthly_discount,11,1,2,1,existing_living_zone,CANDIDATE_LIVING_ZONE|LOW_NIGHT_DRIVING|OUT_ZONE_PATTERN_CHANGE_RISK|OUT_ZONE_SAFE|OUT_ZONE_SAFE_DRIVING,safe_outer_repeat
senior-monthly-score-table/v1,cust_011,driver_011,recent_outer_risk_change,2026-01,1,policy_30_30_20_20_p20_a75,pre_policy_60_day_dbscan,26,11,1,1370.09,1370.09,26,0.9,253.93,3047.16,211.69,42.24,0.8337,0.1663,0.001,0.0,0.0,0.0,0.9359,0.7876,-0.1483,2,0.0,0.4724,0.0,2.3674,74.61,97.17,86.98,2.84,88.36,annual_decision_evidence_not_monthly_discount,9,0,1,1,existing_living_zone,LOW_MILEAGE|NO_RECENT_OUT_ZONE_SPIKE|OUT_ZONE_PATTERN_CHANGE_RISK|OUT_ZONE_SAFE_DRIVING,pre_change_baseline
senior-monthly-score-table/v1,cust_011,driver_011,recent_outer_risk_change,2026-02,2,policy_30_30_20_20_p20_a75,rolling_60_day_dbscan,22,9,1,1353.21,1353.21,22,0.9,237.65,2851.8,206.96,30.69,0.8709,0.1291,-0.019,0.0,0.0,0.0,0.5579,0.8416,0.2837,2,0.0,0.4832,0.0,3.2584,76.23,97.1,82.08,4.75,87.46,annual_decision_evidence_not_monthly_discount,8,0,0,1,existing_living_zone,LOW_MILEAGE|NO_RECENT_OUT_ZONE_SPIKE|OUT_ZONE_PATTERN_CHANGE_RISK,pre_change_baseline
senior-monthly-score-table/v1,cust_011,driver_011,recent_outer_risk_change,2026-03,3,policy_30_30_20_20_p20_a75,rolling_60_day_dbscan,20,10,1,2552.96,2000.0,20,0.9,266.95,3203.4,247.19,19.76,0.926,0.074,-0.0369,0.0,0.0,0.0,0.8137,0.7492,-0.0645,2,0.0,0.8091,0.0,0.0,73.31,95.15,100.0,3.0,89.94,annual_decision_evidence_not_monthly_discount,9,0,1,0,existing_living_zone,LOW_MILEAGE|NO_RECENT_OUT_ZONE_SPIKE|NO_STRONG_RISK_CHANGE|OUT_ZONE_SAFE_DRIVING,pre_change_baseline
senior-monthly-score-table/v1,cust_011,driver_011,recent_outer_risk_change,2026-04,4,policy_30_30_20_20_p20_a75,rolling_60_day_dbscan,19,11,1,808.56,808.56,19,0.9,270.21,3242.52,189.33,80.88,0.7007,0.2993,0.1389,0.0,0.0,0.0,0.7927,0.7402,-0.0525,2,0.0,0.5282,0.0,1.2364,72.98,96.83,93.2,18.93,85.8,annual_decision_evidence_not_monthly_discount,8,0,2,1,existing_living_zone,LOW_MILEAGE|NO_RECENT_OUT_ZONE_SPIKE|OUT_ZONE_PATTERN_CHANGE_RISK|OUT_ZONE_RATIO_INCREASE|OUT_ZONE_SAFE_DRIVING,pre_change_baseline
senior-monthly-score-table/v1,cust_011,driver_011,recent_outer_risk_change,2026-05,5,policy_30_30_20_20_p20_a75,rolling_60_day_dbscan,20,13,1,850.45,850.45,20,0.9,314.7,3776.4,144.1,170.6,0.4579,0.5421,0.3078,0.0,0.0,0.0,0.7796,0.9533,0.1737,3,0.0,0.694,0.0,1.1723,68.53,95.33,89.71,39.33,79.23,annual_decision_evidence_not_monthly_discount,6,0,5,2,existing_living_zone,LOW_MILEAGE|NO_RECENT_OUT_ZONE_SPIKE|OUT_ZONE_PATTERN_CHANGE_RISK|OUT_ZONE_RATIO_INCREASE|OUT_ZONE_SAFE_DRIVING,pre_change_baseline
senior-monthly-score-table/v1,cust_011,driver_011,recent_outer_risk_change,2026-06,6,policy_30_30_20_20_p20_a75,rolling_60_day_dbscan,23,13,1,902.18,902.18,23,0.9,296.62,3559.44,229.58,67.04,0.774,0.226,-0.0527,0.0,0.0,0.0,0.8845,1.0114,0.1269,3,0.0,0.8712,0.0,1.4916,70.34,94.77,91.8,4.1,87.07,annual_decision_evidence_not_monthly_discount,10,0,2,1,existing_living_zone,LOW_MILEAGE|NO_RECENT_OUT_ZONE_SPIKE|OUT_ZONE_PATTERN_CHANGE_RISK|OUT_ZONE_SAFE_DRIVING,pre_change_baseline
senior-monthly-score-table/v1,cust_011,driver_011,recent_outer_risk_change,2026-07,7,policy_30_30_20_20_p20_a75,rolling_60_day_dbscan,25,14,1,927.13,927.13,25,0.9,303.85,3646.2,245.61,58.24,0.8083,0.1917,-0.0552,0.0,0.0,0.0,0.8532,0.9873,0.1342,3,0.0,1.2214,0.0,0.0,69.61,92.67,100.0,3.89,87.91,annual_decision_evidence_not_monthly_discount,11,0,3,0,existing_living_zone,LOW_MILEAGE|NO_RECENT_OUT_ZONE_SPIKE|NO_STRONG_RISK_CHANGE|OUT_ZONE_SAFE_DRIVING,pre_change_baseline
senior-monthly-score-table/v1,cust_011,driver_011,recent_outer_risk_change,2026-08,8,policy_30_30_20_20_p20_a75,rolling_60_day_dbscan,26,13,1,588.17,588.17,26,0.9,318.32,3819.84,172.42,145.9,0.5417,0.4583,0.0289,0.0,0.0,0.0,1.0399,0.9424,-0.0974,3,0.0,1.7399,0.0,0.0,68.17,89.56,97.83,6.83,85.52,annual_decision_evidence_not_monthly_discount,7,0,6,0,existing_living_zone,LOW_MILEAGE|NO_RECENT_OUT_ZONE_SPIKE|NO_STRONG_RISK_CHANGE|OUT_ZONE_SAFE_DRIVING,pre_change_baseline
senior-monthly-score-table/v1,cust_011,driver_011,recent_outer_risk_change,2026-09,9,policy_30_30_20_20_p20_a75,rolling_60_day_dbscan,25,17,1,1300.0,1300.0,25,0.9,410.63,4927.56,211.45,199.18,0.5149,0.4851,0.3379,0.0,0.274,0.274,1.0319,6.8188,5.7869,28,0.2007,8.0397,0.3518,5.5226,58.94,49.35,61.65,100.0,44.82,annual_decision_evidence_not_monthly_discount,9,0,0,8,existing_living_zone,HARSH_BRAKE_INCREASE|NIGHT_DRIVING_INCREASE|OUT_ZONE_PATTERN_CHANGE_RISK|OUT_ZONE_RATIO_INCREASE|RISK_EVENT_INCREASE,recent_risk_change
senior-monthly-score-table/v1,cust_011,driver_011,recent_outer_risk_change,2026-10,10,policy_30_30_20_20_p20_a75,rolling_60_day_dbscan,29,17,2,1230.31,1230.31,29,0.9,415.41,4984.92,321.54,93.87,0.774,0.226,0.0462,0.1608,0.2952,0.1344,4.431,6.7403,2.3093,28,0.2294,5.2871,0.5208,11.7183,58.46,65.52,27.74,45.38,53.67,annual_decision_evidence_not_monthly_discount,13,0,0,4,existing_living_zone,HARSH_BRAKE_INCREASE|NIGHT_DRIVING_INCREASE|OUT_ZONE_PATTERN_CHANGE_RISK|OUT_ZONE_RATIO_INCREASE,recent_risk_change
senior-monthly-score-table/v1,cust_011,driver_011,recent_outer_risk_change,2026-11,11,policy_30_30_20_20_p20_a75,rolling_60_day_dbscan,33,17,2,1301.87,1301.87,33,0.9,396.31,4755.72,354.16,42.15,0.8936,0.1064,-0.1042,0.2636,0.308,0.0445,6.6054,6.8128,0.2074,27,0.2808,6.2119,0.5371,11.8624,60.37,59.36,26.7,20.49,57.16,annual_decision_evidence_not_monthly_discount,15,0,0,2,existing_living_zone,HARSH_BRAKE_INCREASE|NIGHT_DRIVING_INCREASE|OUT_ZONE_PATTERN_CHANGE_RISK|OUT_ZONE_RATIO_INCREASE,recent_risk_change
senior-monthly-score-table/v1,cust_011,driver_011,recent_outer_risk_change,2026-12,12,policy_30_30_20_20_p20_a75,rolling_60_day_dbscan,33,17,3,871.14,871.14,33,0.9,415.42,4985.04,347.84,67.58,0.8373,0.1627,-0.0518,0.2727,0.2983,0.0257,6.9269,6.7402,-0.1867,28,0.299,6.6122,0.2951,7.3986,58.46,56.74,54.88,17.57,62.02,annual_decision_evidence_not_monthly_discount,14,0,0,3,existing_living_zone,HARSH_BRAKE_INCREASE|NIGHT_DRIVING_INCREASE|OUT_ZONE_PATTERN_CHANGE_RISK|OUT_ZONE_RATIO_INCREASE,recent_risk_change
senior-monthly-score-table/v1,cust_012,driver_012,recent_outer_risk_change,2026-01,1,policy_30_30_20_20_p20_a75,pre_policy_60_day_dbscan,28,12,1,557.84,557.84,28,0.9,279.98,3359.76,191.04,88.94,0.6823,0.3177,-0.0763,0.0,0.0,0.0,0.8488,1.0715,0.2227,3,0.0,1.0469,0.0,1.1244,72.0,93.72,93.82,4.86,87.51,annual_decision_evidence_not_monthly_discount,8,0,3,1,existing_living_zone,LOW_MILEAGE|NO_RECENT_OUT_ZONE_SPIKE|OUT_ZONE_PATTERN_CHANGE_RISK|OUT_ZONE_SAFE_DRIVING,pre_change_baseline
senior-monthly-score-table/v1,cust_012,driver_012,recent_outer_risk_change,2026-02,2,policy_30_30_20_20_p20_a75,rolling_60_day_dbscan,26,11,1,643.84,643.84,26,0.9,262.03,3144.36,160.2,101.83,0.6114,0.3886,0.084,0.0,0.0,0.0,0.9736,0.7633,-0.2103,2,0.0,0.6242,0.0,0.982,73.8,96.25,93.83,12.53,87.28,annual_decision_evidence_not_monthly_discount,7,0,3,1,existing_living_zone,LOW_MILEAGE|NO_RECENT_OUT_ZONE_SPIKE|OUT_ZONE_PATTERN_CHANGE_RISK|OUT_ZONE_SAFE_DRIVING,pre_change_baseline
senior-monthly-score-table/v1,cust_012,driver_012,recent_outer_risk_change,2026-03,3,policy_30_30_20_20_p20_a75,rolling_60_day_dbscan,23,12,1,679.74,679.74,23,0.9,294.33,3531.96,145.56,148.77,0.4945,0.5055,0.2713,0.0,0.0,0.0,0.9225,1.0193,0.0968,3,0.0,2.061,0.0,0.0,70.57,87.57,96.89,35.89,79.64,annual_decision_evidence_not_monthly_discount,6,4,2,0,existing_living_zone,CANDIDATE_LIVING_ZONE|LOW_MILEAGE|NO_RECENT_OUT_ZONE_SPIKE|OUT_ZONE_RATIO_INCREASE|OUT_ZONE_SAFE_DRIVING,pre_change_baseline
senior-monthly-score-table/v1,cust_012,driver_012,recent_outer_risk_change,2026-04,4,policy_30_30_20_20_p20_a75,rolling_60_day_dbscan,23,11,1,1259.41,1259.41,23,0.9,297.93,3575.16,246.22,51.71,0.8264,0.1736,-0.018,0.0,0.0,0.0,0.8987,1.0069,0.1082,3,0.0,1.2184,0.0,0.0,70.21,92.69,100.0,4.63,87.94,annual_decision_evidence_not_monthly_discount,9,0,2,0,existing_living_zone,LOW_MILEAGE|NO_RECENT_OUT_ZONE_SPIKE|NO_STRONG_RISK_CHANGE|OUT_ZONE_SAFE_DRIVING,pre_change_baseline
senior-monthly-score-table/v1,cust_012,driver_012,recent_outer_risk_change,2026-05,5,policy_30_30_20_20_p20_a75,rolling_60_day_dbscan,22,14,1,1242.58,1242.58,22,0.9,346.98,4163.76,297.6,49.38,0.8577,0.1423,-0.0341,0.0,0.0,0.0,0.8778,0.8646,-0.0132,3,0.0,1.0081,0.0,0.0,65.3,93.95,100.0,3.21,87.13,annual_decision_evidence_not_monthly_discount,12,0,2,0,existing_living_zone,LOW_MILEAGE|NO_RECENT_OUT_ZONE_SPIKE|NO_STRONG_RISK_CHANGE|OUT_ZONE_SAFE_DRIVING,pre_change_baseline
senior-monthly-score-table/v1,cust_012,driver_012,recent_outer_risk_change,2026-06,6,policy_30_30_20_20_p20_a75,rolling_60_day_dbscan,24,14,1,1080.91,1080.91,24,0.9,327.04,3924.48,199.35,127.69,0.6096,0.3904,0.1375,0.0,0.0,0.0,0.9706,0.9173,-0.0533,3,0.0,0.5016,0.0,1.5663,67.3,96.99,90.58,19.26,83.55,annual_decision_evidence_not_monthly_discount,8,0,4,2,existing_living_zone,LOW_MILEAGE|NO_RECENT_OUT_ZONE_SPIKE|OUT_ZONE_PATTERN_CHANGE_RISK|OUT_ZONE_RATIO_INCREASE|OUT_ZONE_SAFE_DRIVING,pre_change_baseline
senior-monthly-score-table/v1,cust_012,driver_012,recent_outer_risk_change,2026-07,7,policy_30_30_20_20_p20_a75,rolling_60_day_dbscan,27,14,1,1207.34,1207.34,27,0.9,335.02,4020.24,265.73,69.29,0.7932,0.2068,-0.0193,0.0,0.0,0.0,0.9271,0.8955,-0.0316,3,0.0,1.129,0.0,0.0,66.5,93.23,100.0,3.21,87.28,annual_decision_evidence_not_monthly_discount,11,0,3,0,existing_living_zone,LOW_MILEAGE|NO_RECENT_OUT_ZONE_SPIKE|NO_STRONG_RISK_CHANGE|OUT_ZONE_SAFE_DRIVING,pre_change_baseline
senior-monthly-score-table/v1,cust_012,driver_012,recent_outer_risk_change,2026-08,8,policy_30_30_20_20_p20_a75,rolling_60_day_dbscan,27,15,1,1220.09,1220.09,27,0.9,350.97,4211.64,326.71,24.26,0.9309,0.0691,-0.0719,0.0,0.0,0.0,0.9338,0.8548,-0.079,3,0.0,0.9182,0.0,0.0,64.9,94.49,100.0,3.0,87.22,annual_decision_evidence_not_monthly_discount,14,0,1,0,existing_living_zone,LOW_MILEAGE|NO_RECENT_OUT_ZONE_SPIKE|NO_STRONG_RISK_CHANGE|OUT_ZONE_SAFE_DRIVING,pre_change_baseline
senior-monthly-score-table/v1,cust_012,driver_012,recent_outer_risk_change,2026-09,9,policy_30_30_20_20_p20_a75,rolling_60_day_dbscan,27,19,1,1340.93,1340.93,27,0.9,452.75,5433.0,255.17,197.58,0.5636,0.4364,0.3233,0.0,0.2587,0.2587,0.771,6.847,6.0761,31,0.2744,6.6622,0.2384,7.0857,54.73,56.73,55.72,100.0,44.58,annual_decision_evidence_not_monthly_discount,10,0,0,9,existing_living_zone,HARSH_BRAKE_INCREASE|NIGHT_DRIVING_INCREASE|OUT_ZONE_PATTERN_CHANGE_RISK|OUT_ZONE_RATIO_INCREASE|RISK_EVENT_INCREASE,recent_risk_change
senior-monthly-score-table/v1,cust_012,driver_012,recent_outer_risk_change,2026-10,10,policy_30_30_20_20_p20_a75,rolling_60_day_dbscan,33,19,3,653.22,653.22,33,0.9,458.01,5496.12,289.25,168.76,0.6315,0.3685,0.2148,0.1491,0.2419,0.0928,4.3286,6.7684,2.4398,31,0.1593,4.8401,0.3833,10.0735,54.2,69.05,38.48,61.54,52.36,annual_decision_evidence_not_monthly_discount,12,0,0,7,existing_living_zone,HARSH_BRAKE_INCREASE|NIGHT_DRIVING_INCREASE|OUT_ZONE_PATTERN_CHANGE_RISK|OUT_ZONE_RATIO_INCREASE,recent_risk_change
senior-monthly-score-table/v1,cust_012,driver_012,recent_outer_risk_change,2026-11,11,policy_30_30_20_20_p20_a75,rolling_60_day_dbscan,36,18,3,628.0,628.0,36,0.9,436.96,5243.52,331.9,105.06,0.7596,0.2404,0.0489,0.2668,0.2567,-0.0101,6.4388,6.8656,0.4268,30,0.266,7.2311,0.2272,5.711,56.3,53.42,65.18,22.84,61.38,annual_decision_evidence_not_monthly_discount,14,0,1,3,existing_living_zone,HARSH_BRAKE_INCREASE|NIGHT_DRIVING_INCREASE|OUT_ZONE_PATTERN_CHANGE_RISK|OUT_ZONE_RATIO_INCREASE|OUT_ZONE_SAFE_DRIVING,recent_risk_change
senior-monthly-score-table/v1,cust_012,driver_012,recent_outer_risk_change,2026-12,12,policy_30_30_20_20_p20_a75,rolling_60_day_dbscan,37,18,3,604.6,604.6,37,0.9,458.0,5496.0,409.49,48.51,0.8941,0.1059,-0.1128,0.2491,0.2703,0.0212,6.8159,6.7686,-0.0473,31,0.2556,6.3494,0.3948,10.3072,54.2,58.84,37.39,17.12,57.97,annual_decision_evidence_not_monthly_discount,16,0,0,2,existing_living_zone,HARSH_BRAKE_INCREASE|NIGHT_DRIVING_INCREASE|OUT_ZONE_PATTERN_CHANGE_RISK|OUT_ZONE_RATIO_INCREASE,recent_risk_change
senior-monthly-score-table/v1,cust_013,driver_013,recent_outer_risk_change,2026-01,1,policy_30_30_20_20_p20_a75,pre_policy_60_day_dbscan,26,10,2,741.14,741.14,26,0.9,234.4,2812.8,136.51,97.89,0.5824,0.4176,0.2261,0.0,0.0,0.0,1.0139,0.8532,-0.1606,2,0.0,0.7325,0.0,1.0216,76.56,95.61,93.03,29.38,84.38,annual_decision_evidence_not_monthly_discount,6,0,3,1,existing_living_zone,LOW_MILEAGE|NO_RECENT_OUT_ZONE_SPIKE|OUT_ZONE_PATTERN_CHANGE_RISK|OUT_ZONE_RATIO_INCREASE|OUT_ZONE_SAFE_DRIVING,pre_change_baseline
senior-monthly-score-table/v1,cust_013,driver_013,recent_outer_risk_change,2026-02,2,policy_30_30_20_20_p20_a75,rolling_60_day_dbscan,21,8,2,656.47,656.47,21,0.9,219.37,2632.44,139.46,79.91,0.6357,0.3643,0.1189,0.0,0.0,0.0,1.0232,0.9117,-0.1115,2,0.0,0.7171,0.0,1.2514,78.06,95.7,92.83,17.62,87.17,annual_decision_evidence_not_monthly_discount,5,0,2,1,existing_living_zone,LOW_MILEAGE|NO_RECENT_OUT_ZONE_SPIKE|OUT_ZONE_PATTERN_CHANGE_RISK|OUT_ZONE_SAFE_DRIVING,pre_change_baseline
senior-monthly-score-table/v1,cust_013,driver_013,recent_outer_risk_change,2026-03,3,policy_30_30_20_20_p20_a75,rolling_60_day_dbscan,18,9,1,1013.0,1013.0,18,0.9,246.42,2957.04,165.12,81.3,0.6701,0.3299,0.1739,0.0,0.0,0.0,0.8815,0.8116,-0.0699,2,0.0,1.2112,0.0,0.0,75.36,92.73,100.0,23.62,85.7,annual_decision_evidence_not_monthly_discount,6,0,3,0,existing_living_zone,LOW_MILEAGE|NO_RECENT_OUT_ZONE_SPIKE|OUT_ZONE_RATIO_INCREASE|OUT_ZONE_SAFE_DRIVING,pre_change_baseline
senior-monthly-score-table/v1,cust_013,driver_013,recent_outer_risk_change,2026-04,4,policy_30_30_20_20_p20_a75,rolling_60_day_dbscan,17,11,2,716.14,716.14,17,0.9,249.43,2993.16,230.22,19.21,0.923,0.077,-0.0859,0.0,0.0,0.0,0.8588,0.8018,-0.0569,2,0.0,0.8687,0.0,0.0,75.06,94.79,100.0,2.73,90.41,annual_decision_evidence_not_monthly_discount,10,0,1,0,existing_living_zone,LOW_MILEAGE|NO_RECENT_OUT_ZONE_SPIKE|NO_STRONG_RISK_CHANGE|OUT_ZONE_SAFE_DRIVING,pre_change_baseline
senior-monthly-score-table/v1,cust_013,driver_013,recent_outer_risk_change,2026-05,5,policy_30_30_20_20_p20_a75,rolling_60_day_dbscan,19,11,2,721.61,721.61,19,0.9,290.49,3485.88,290.49,0,1.0,0.0,-0.1642,0.0,0.0,0.0,0.8554,1.0327,0.1773,3,0.0,1.0327,0.0,0.0,70.95,93.8,100.0,4.98,88.43,annual_decision_evidence_not_monthly_discount,11,0,0,0,existing_living_zone,LOW_MILEAGE|NO_RECENT_OUT_ZONE_SPIKE|NO_STRONG_RISK_CHANGE,pre_change_baseline
senior-monthly-score-table/v1,cust_013,driver_013,recent_outer_risk_change,2026-06,6,policy_30_30_20_20_p20_a75,rolling_60_day_dbscan,21,12,2,737.38,737.38,21,0.9,273.8,3285.6,107.26,166.54,0.3917,0.6083,0.4382,0.0,0.0,0.0,0.9708,0.7305,-0.2404,2,0.0,1.8646,0.0,0.0,72.62,87.51,94.83,37.5,79.5,annual_decision_evidence_not_monthly_discount,5,0,7,0,out_zone_safe_driving,LOW_MILEAGE|NO_RECENT_OUT_ZONE_SPIKE|OUT_ZONE_RATIO_INCREASE|OUT_ZONE_SAFE_DRIVING,pre_change_baseline
senior-monthly-score-table/v1,cust_013,driver_013,recent_outer_risk_change,2026-07,7,policy_30_30_20_20_p20_a75,rolling_60_day_dbscan,22,13,2,659.74,659.74,22,0.9,280.48,3365.76,173.98,106.5,0.6203,0.3797,0.0714,0.0,0.0,0.0,0.9257,1.0696,0.1439,3,0.0,1.1496,0.0,0.939,71.95,93.1,94.24,12.51,85.86,annual_decision_evidence_not_monthly_discount,8,0,4,1,existing_living_zone,LOW_MILEAGE|NO_RECENT_OUT_ZONE_SPIKE|OUT_ZONE_PATTERN_CHANGE_RISK|OUT_ZONE_SAFE_DRIVING,pre_change_baseline
senior-monthly-score-table/v1,cust_013,driver_013,recent_outer_risk_change,2026-08,8,policy_30_30_20_20_p20_a75,rolling_60_day_dbscan,24,13,2,649.99,649.99,24,0.9,293.84,3526.08,207.16,86.68,0.705,0.295,0.0878,0.0,0.0,0.0,0.9397,1.021,0.0813,3,0.0,0.9654,0.0,1.1537,70.62,94.21,93.65,14.11,85.36,annual_decision_evidence_not_monthly_discount,9,2,1,1,existing_living_zone,CANDIDATE_LIVING_ZONE|LOW_MILEAGE|NO_RECENT_OUT_ZONE_SPIKE|OUT_ZONE_PATTERN_CHANGE_RISK|OUT_ZONE_SAFE_DRIVING,pre_change_baseline
senior-monthly-score-table/v1,cust_013,driver_013,recent_outer_risk_change,2026-09,9,policy_30_30_20_20_p20_a75,rolling_60_day_dbscan,25,16,2,728.62,728.62,25,0.9,379.04,4548.48,263.52,115.52,0.6952,0.3048,0.0755,0.0,0.2735,0.2735,1.0886,6.8594,5.7708,26,0.3933,7.5896,0.0,5.1939,62.1,49.74,71.43,73.81,53.08,annual_decision_evidence_not_monthly_discount,11,0,0,5,existing_living_zone,HARSH_BRAKE_INCREASE|NIGHT_DRIVING_INCREASE|OUT_ZONE_PATTERN_CHANGE_RISK|OUT_ZONE_RATIO_INCREASE|RISK_EVENT_INCREASE,recent_risk_change
senior-monthly-score-table/v1,cust_013,driver_013,recent_outer_risk_change,2026-10,10,policy_30_30_20_20_p20_a75,rolling_60_day_dbscan,28,16,3,642.7,642.7,28,0.9,383.45,4601.4,275.34,108.11,0.7181,0.2819,0.1027,0.1605,0.2473,0.0868,4.4908,6.7805,2.2898,26,0.3444,6.5374,0.0,7.3999,61.66,56.64,59.3,47.11,57.93,annual_decision_evidence_not_monthly_discount,12,0,0,4,existing_living_zone,HARSH_BRAKE_INCREASE|NIGHT_DRIVING_INCREASE|OUT_ZONE_PATTERN_CHANGE_RISK|OUT_ZONE_RATIO_INCREASE,recent_risk_change
senior-monthly-score-table/v1,cust_013,driver_013,recent_outer_risk_change,2026-11,11,policy_30_30_20_20_p20_a75,rolling_60_day_dbscan,31,16,3,724.2,724.2,31,0.9,365.82,4389.84,210.06,155.76,0.5742,0.4258,0.2403,0.2371,0.2397,0.0026,6.4928,6.834,0.3412,25,0.2093,6.6648,0.2806,7.0621,63.42,57.5,55.43,45.0,58.36,annual_decision_evidence_not_monthly_discount,9,0,1,6,existing_living_zone,HARSH_BRAKE_INCREASE|NIGHT_DRIVING_INCREASE|OUT_ZONE_PATTERN_CHANGE_RISK|OUT_ZONE_RATIO_INCREASE|OUT_ZONE_SAFE_DRIVING,recent_risk_change
senior-monthly-score-table/v1,cust_013,driver_013,recent_outer_risk_change,2026-12,12,policy_30_30_20_20_p20_a75,rolling_60_day_dbscan,32,15,4,666.18,666.18,32,0.9,383.46,4601.52,337.15,46.31,0.8792,0.1208,-0.106,0.2436,0.2634,0.0198,6.8066,6.7804,-0.0263,26,0.2996,6.8219,0.0,6.4781,61.65,55.47,64.37,16.98,64.61,annual_decision_evidence_not_monthly_discount,13,0,1,1,existing_living_zone,HARSH_BRAKE_INCREASE|NIGHT_DRIVING_INCREASE|OUT_ZONE_PATTERN_CHANGE_RISK|OUT_ZONE_RATIO_INCREASE|OUT_ZONE_SAFE_DRIVING,recent_risk_change
senior-monthly-score-table/v1,cust_014,driver_014,recent_outer_risk_change,2026-01,1,policy_30_30_20_20_p20_a75,pre_policy_60_day_dbscan,33,14,2,625.79,625.79,33,0.9,306.02,3672.24,265.01,41.01,0.866,0.134,-0.1433,0.0349,0.0,-0.0349,0.906,0.9803,0.0743,3,0.0,1.132,0.0,0.0,69.4,93.21,100.0,3.59,88.06,annual_decision_evidence_not_monthly_discount,12,0,2,0,existing_living_zone,LOW_MILEAGE|NO_RECENT_OUT_ZONE_SPIKE|NO_STRONG_RISK_CHANGE|OUT_ZONE_SAFE_DRIVING,pre_change_baseline
senior-monthly-score-table/v1,cust_014,driver_014,recent_outer_risk_change,2026-02,2,policy_30_30_20_20_p20_a75,rolling_60_day_dbscan,30,13,2,644.73,644.73,30,0.9,286.4,3436.8,210.67,75.73,0.7356,0.2644,0.0029,0.0394,0.0,-0.0394,1.0226,1.0475,0.0249,3,0.0,1.424,0.0,0.0,71.36,91.46,100.0,3.92,88.06,annual_decision_evidence_not_monthly_discount,9,0,4,0,existing_living_zone,LOW_MILEAGE|NO_RECENT_OUT_ZONE_SPIKE|NO_STRONG_RISK_CHANGE|OUT_ZONE_SAFE_DRIVING,pre_change_baseline
senior-monthly-score-table/v1,cust_014,driver_014,recent_outer_risk_change,2026-03,3,policy_30_30_20_20_p20_a75,rolling_60_day_dbscan,27,13,1,699.68,699.68,27,0.9,321.71,3860.52,99.66,222.05,0.3098,0.6902,0.4752,0.0,0.0,0.0,1.0128,0.9325,-0.0803,3,0.0,1.0034,0.0,0.9007,67.83,91.7,88.24,38.46,77.81,annual_decision_evidence_not_monthly_discount,4,3,5,1,out_zone_safe_driving,CANDIDATE_LIVING_ZONE|LOW_MILEAGE|NO_RECENT_OUT_ZONE_SPIKE|OUT_ZONE_PATTERN_CHANGE_RISK|OUT_ZONE_RATIO_INCREASE|OUT_ZONE_SAFE_DRIVING,pre_change_baseline
senior-monthly-score-table/v1,cust_014,driver_014,recent_outer_risk_change,2026-04,4,policy_30_30_20_20_p20_a75,rolling_60_day_dbscan,26,14,2,697.13,697.13,26,0.9,325.64,3907.68,306.0,19.64,0.9397,0.0603,-0.0996,0.0,0.0,0.0,0.9867,0.9213,-0.0654,3,0.0,0.9804,0.0,0.0,67.44,94.12,100.0,3.21,87.83,annual_decision_evidence_not_monthly_discount,13,1,0,0,existing_living_zone,CANDIDATE_LIVING_ZONE|LOW_MILEAGE|NO_RECENT_OUT_ZONE_SPIKE|NO_STRONG_RISK_CHANGE,pre_change_baseline
senior-monthly-score-table/v1,cust_014,driver_014,recent_outer_risk_change,2026-05,5,policy_30_30_20_20_p20_a75,rolling_60_day_dbscan,26,16,2,686.74,686.74,26,0.9,379.26,4551.12,296.94,82.32,0.7829,0.2171,-0.0093,0.0,0.0,0.0,0.9646,0.791,-0.1736,3,0.0,0.6735,0.0,1.2148,62.07,95.96,93.32,2.81,85.51,annual_decision_evidence_not_monthly_discount,13,0,2,1,existing_living_zone,LOW_MILEAGE|NO_RECENT_OUT_ZONE_SPIKE|OUT_ZONE_PATTERN_CHANGE_RISK|OUT_ZONE_SAFE_DRIVING,pre_change_baseline
senior-monthly-score-table/v1,cust_014,driver_014,recent_outer_risk_change,2026-06,6,policy_30_30_20_20_p20_a75,rolling_60_day_dbscan,29,15,2,690.7,690.7,29,0.9,357.46,4289.52,260.36,97.1,0.7284,0.2716,0.0904,0.0,0.0,0.0,0.8813,0.8393,-0.042,3,0.0,1.1523,0.0,0.0,64.25,93.09,100.0,13.55,84.49,annual_decision_evidence_not_monthly_discount,11,0,4,0,existing_living_zone,LOW_MILEAGE|NO_RECENT_OUT_ZONE_SPIKE|NO_STRONG_RISK_CHANGE|OUT_ZONE_SAFE_DRIVING,pre_change_baseline
senior-monthly-score-table/v1,cust_014,driver_014,recent_outer_risk_change,2026-07,7,policy_30_30_20_20_p20_a75,rolling_60_day_dbscan,29,14,2,691.32,691.32,29,0.9,366.18,4394.16,306.15,60.03,0.8361,0.1639,0.015,0.0,0.0,0.0,0.7233,0.8193,0.096,3,0.0,0.6533,0.0,1.6658,63.38,96.08,90.84,5.44,84.92,annual_decision_evidence_not_monthly_discount,12,0,1,1,existing_living_zone,LOW_MILEAGE|NO_RECENT_OUT_ZONE_SPIKE|OUT_ZONE_PATTERN_CHANGE_RISK|OUT_ZONE_SAFE_DRIVING,pre_change_baseline
senior-monthly-score-table/v1,cust_014,driver_014,recent_outer_risk_change,2026-08,8,policy_30_30_20_20_p20_a75,rolling_60_day_dbscan,28,15,2,650.55,650.55,28,0.9,383.62,4603.44,304.16,79.46,0.7929,0.2071,0.015,0.0,0.0,0.0,0.8549,0.782,-0.0728,3,0.0,0.6575,0.0,1.2585,61.64,96.06,93.08,4.75,84.98,annual_decision_evidence_not_monthly_discount,12,0,2,1,existing_living_zone,LOW_MILEAGE|NO_RECENT_OUT_ZONE_SPIKE|OUT_ZONE_PATTERN_CHANGE_RISK|OUT_ZONE_SAFE_DRIVING,pre_change_baseline
senior-monthly-score-table/v1,cust_014,driver_014,recent_outer_risk_change,2026-09,9,policy_30_30_20_20_p20_a75,rolling_60_day_dbscan,28,20,2,608.6,608.6,28,0.9,494.86,5938.32,266.49,228.37,0.5385,0.4615,0.2696,0.0,0.2697,0.2697,0.6879,6.8706,6.1828,34,0.2441,8.2555,0.2995,5.2546,50.51,47.54,64.38,96.45,43.0,annual_decision_evidence_not_monthly_discount,11,0,1,8,existing_living_zone,HARSH_BRAKE_INCREASE|NIGHT_DRIVING_INCREASE|OUT_ZONE_PATTERN_CHANGE_RISK|OUT_ZONE_RATIO_INCREASE|OUT_ZONE_SAFE_DRIVING|RISK_EVENT_INCREASE,recent_risk_change
senior-monthly-score-table/v1,cust_014,driver_014,recent_outer_risk_change,2026-10,10,policy_30_30_20_20_p20_a75,rolling_60_day_dbscan,35,20,4,515.78,515.78,35,0.9,500.62,6007.44,375.14,125.48,0.7494,0.2506,-0.1074,0.1519,0.3019,0.15,4.2118,6.7916,2.5798,34,0.1227,6.3976,0.8375,7.9694,49.94,60.14,43.61,42.9,53.17,annual_decision_evidence_not_monthly_discount,15,0,0,5,existing_living_zone,HARSH_BRAKE_INCREASE|NIGHT_DRIVING_INCREASE|OUT_ZONE_PATTERN_CHANGE_RISK|OUT_ZONE_RATIO_INCREASE|RISK_EVENT_INCREASE,recent_risk_change
senior-monthly-score-table/v1,cust_014,driver_014,recent_outer_risk_change,2026-11,11,policy_30_30_20_20_p20_a75,rolling_60_day_dbscan,40,20,4,664.93,664.93,40,0.9,477.6,5731.2,359.75,117.85,0.7532,0.2468,0.0433,0.2859,0.301,0.0152,6.8309,6.7002,-0.1307,32,0.342,7.7832,0.176,3.3941,52.24,49.2,78.69,21.57,61.86,annual_decision_evidence_not_monthly_discount,15,0,1,4,existing_living_zone,HARSH_BRAKE_INCREASE|NIGHT_DRIVING_INCREASE|OUT_ZONE_PATTERN_CHANGE_RISK|OUT_ZONE_RATIO_INCREASE|OUT_ZONE_SAFE_DRIVING,recent_risk_change
senior-monthly-score-table/v1,cust_014,driver_014,recent_outer_risk_change,2026-12,12,policy_30_30_20_20_p20_a75,rolling_60_day_dbscan,39,21,4,659.81,659.81,39,0.9,500.63,6007.56,429.62,71.01,0.8582,0.1418,-0.0087,0.3073,0.2813,-0.026,6.6702,6.7914,0.1212,34,0.3278,7.2157,0.0,4.2248,49.94,52.77,76.76,15.61,63.04,annual_decision_evidence_not_monthly_discount,18,0,2,1,existing_living_zone,HARSH_BRAKE_INCREASE|NIGHT_DRIVING_INCREASE|OUT_ZONE_PATTERN_CHANGE_RISK|OUT_ZONE_RATIO_INCREASE|OUT_ZONE_SAFE_DRIVING,recent_risk_change
senior-monthly-score-table/v1,cust_015,driver_015,recent_outer_risk_change,2026-01,1,policy_30_30_20_20_p20_a75,pre_policy_60_day_dbscan,34,15,1,1149.57,1149.57,34,0.9,332.07,3984.84,244.35,87.72,0.7358,0.2642,-0.0785,0.0253,0.0,-0.0253,0.9542,0.9034,-0.0508,3,0.0,0.8185,0.0,1.14,66.79,95.09,93.73,3.0,86.71,annual_decision_evidence_not_monthly_discount,11,0,3,1,existing_living_zone,LOW_MILEAGE|NO_RECENT_OUT_ZONE_SPIKE|OUT_ZONE_PATTERN_CHANGE_RISK|OUT_ZONE_SAFE_DRIVING,pre_change_baseline
senior-monthly-score-table/v1,cust_015,driver_015,recent_outer_risk_change,2026-02,2,policy_30_30_20_20_p20_a75,rolling_60_day_dbscan,32,14,1,1214.35,1214.35,32,0.9,310.78,3729.36,222.11,88.67,0.7147,0.2853,-0.0312,0.0283,0.0,-0.0283,0.9368,0.9653,0.0285,3,0.0,1.3507,0.0,0.0,68.92,91.9,100.0,3.36,87.57,annual_decision_evidence_not_monthly_discount,10,0,4,0,existing_living_zone,LOW_MILEAGE|NO_RECENT_OUT_ZONE_SPIKE|NO_STRONG_RISK_CHANGE|OUT_ZONE_SAFE_DRIVING,pre_change_baseline
senior-monthly-score-table/v1,cust_015,driver_015,recent_outer_risk_change,2026-03,3,policy_30_30_20_20_p20_a75,rolling_60_day_dbscan,29,15,1,1305.25,1305.25,29,0.9,349.09,4189.08,270.93,78.16,0.7761,0.2239,0.043,0.0,0.0,0.0,0.9333,0.8594,-0.074,3,0.0,0.3691,0.0,2.5589,65.09,97.79,85.93,8.02,84.45,annual_decision_evidence_not_monthly_discount,12,0,2,1,existing_living_zone,LOW_MILEAGE|NO_RECENT_OUT_ZONE_SPIKE|OUT_ZONE_PATTERN_CHANGE_RISK|OUT_ZONE_SAFE_DRIVING,pre_change_baseline
senior-monthly-score-table/v1,cust_015,driver_015,recent_outer_risk_change,2026-04,4,policy_30_30_20_20_p20_a75,rolling_60_day_dbscan,29,14,1,1252.72,1252.72,29,0.9,353.35,4240.2,278.53,74.82,0.7883,0.2117,-0.0411,0.0,0.0,0.0,0.9093,0.849,-0.0603,3,0.0,0.7181,0.0,1.3365,64.66,95.69,92.65,3.21,85.99,annual_decision_evidence_not_monthly_discount,11,0,2,1,existing_living_zone,LOW_MILEAGE|NO_RECENT_OUT_ZONE_SPIKE|OUT_ZONE_PATTERN_CHANGE_RISK|OUT_ZONE_SAFE_DRIVING,pre_change_baseline
senior-monthly-score-table/v1,cust_015,driver_015,recent_outer_risk_change,2026-05,5,policy_30_30_20_20_p20_a75,rolling_60_day_dbscan,29,16,1,729.06,729.06,29,0.9,411.53,4938.36,278.96,132.57,0.6779,0.3221,0.0172,0.0,0.0,0.0,0.8542,0.972,0.1178,4,0.0,1.0754,0.0,0.7543,58.85,93.55,95.85,6.35,83.62,annual_decision_evidence_not_monthly_discount,11,0,4,1,existing_living_zone,LOW_MILEAGE|NO_RECENT_OUT_ZONE_SPIKE|OUT_ZONE_PATTERN_CHANGE_RISK|OUT_ZONE_SAFE_DRIVING,pre_change_baseline
senior-monthly-score-table/v1,cust_015,driver_015,recent_outer_risk_change,2026-06,6,policy_30_30_20_20_p20_a75,rolling_60_day_dbscan,29,16,1,724.71,724.71,29,0.9,387.89,4654.68,264.87,123.02,0.6828,0.3172,0.0341,0.0,0.0,0.0,0.9553,0.7734,-0.1819,3,0.0,1.1326,0.0,0.0,61.21,93.2,100.0,6.79,84.97,annual_decision_evidence_not_monthly_discount,10,0,6,0,existing_living_zone,LOW_MILEAGE|NO_RECENT_OUT_ZONE_SPIKE|NO_STRONG_RISK_CHANGE|OUT_ZONE_SAFE_DRIVING,pre_change_baseline
senior-monthly-score-table/v1,cust_015,driver_015,recent_outer_risk_change,2026-07,7,policy_30_30_20_20_p20_a75,rolling_60_day_dbscan,31,17,1,1293.31,1293.31,31,0.9,397.35,4768.2,347.3,50.05,0.874,0.126,-0.0889,0.0,0.07,0.07,0.9007,1.0067,0.1059,4,0.0801,0.8638,0.0,1.998,60.27,93.86,89.01,11.06,81.83,annual_decision_evidence_not_monthly_discount,15,0,1,1,existing_living_zone,LOW_MILEAGE|NO_RECENT_OUT_ZONE_SPIKE|OUT_ZONE_PATTERN_CHANGE_RISK|OUT_ZONE_SAFE_DRIVING,pre_change_baseline
senior-monthly-score-table/v1,cust_015,driver_015,recent_outer_risk_change,2026-08,8,policy_30_30_20_20_p20_a75,rolling_60_day_dbscan,33,17,1,1345.96,1345.96,33,0.9,416.27,4995.24,391.54,24.73,0.9406,0.0594,-0.1115,0.0354,0.0594,0.024,0.8914,0.9609,0.0695,4,0.0,1.0216,1.0,0.0,58.37,93.87,85.0,6.28,81.42,annual_decision_evidence_not_monthly_discount,16,0,0,1,existing_living_zone,LOW_MILEAGE|NO_RECENT_OUT_ZONE_SPIKE|OUT_ZONE_PATTERN_CHANGE_RISK,pre_change_baseline
senior-monthly-score-table/v1,cust_015,driver_015,recent_outer_risk_change,2026-09,9,policy_30_30_20_20_p20_a75,rolling_60_day_dbscan,32,21,1,1235.43,1235.43,32,0.9,536.98,6443.76,262.3,274.68,0.4885,0.5115,0.2307,0.0681,0.2908,0.2228,1.0364,6.8904,5.854,37,0.2201,7.2436,0.3584,6.5531,46.3,53.76,55.35,89.19,43.25,annual_decision_evidence_not_monthly_discount,10,0,0,11,out_zone_pattern_change_risk,HARSH_BRAKE_INCREASE|NIGHT_DRIVING_INCREASE|OUT_ZONE_PATTERN_CHANGE_RISK|OUT_ZONE_RATIO_INCREASE|RISK_EVENT_INCREASE,recent_risk_change
senior-monthly-score-table/v1,cust_015,driver_015,recent_outer_risk_change,2026-10,10,policy_30_30_20_20_p20_a75,rolling_60_day_dbscan,37,23,2,1261.34,1261.34,37,0.9,543.23,6518.76,310.42,232.81,0.5714,0.4286,0.1849,0.1954,0.2732,0.0778,4.3205,6.8111,2.4906,37,0.2617,6.4429,0.2885,7.3021,45.68,58.2,53.94,56.8,50.59,annual_decision_evidence_not_monthly_discount,13,0,1,9,existing_living_zone,HARSH_BRAKE_INCREASE|NIGHT_DRIVING_INCREASE|OUT_ZONE_PATTERN_CHANGE_RISK|OUT_ZONE_RATIO_INCREASE|OUT_ZONE_SAFE_DRIVING,recent_risk_change
senior-monthly-score-table/v1,cust_015,driver_015,recent_outer_risk_change,2026-11,11,policy_30_30_20_20_p20_a75,rolling_60_day_dbscan,43,21,3,1287.56,1287.56,43,0.9,518.25,6219.0,518.25,0,1.0,0.0,-0.1596,0.2659,0.288,0.022,7.0035,6.7535,-0.25,35,0.288,6.7535,0.0,0.0,48.18,56.02,100.0,17.2,67.82,annual_decision_evidence_not_monthly_discount,21,0,0,0,existing_living_zone,HARSH_BRAKE_INCREASE|NIGHT_DRIVING_INCREASE|NO_STRONG_RISK_CHANGE|OUT_ZONE_RATIO_INCREASE,recent_risk_change
senior-monthly-score-table/v1,cust_015,driver_015,recent_outer_risk_change,2026-12,12,policy_30_30_20_20_p20_a75,rolling_60_day_dbscan,43,23,3,1347.28,1347.28,43,0.9,543.21,6518.52,414.64,128.57,0.7633,0.2367,0.1181,0.2851,0.2561,-0.029,6.7057,6.8114,0.1057,37,0.2656,8.1999,0.2255,2.3334,45.68,47.61,83.78,29.31,58.88,annual_decision_evidence_not_monthly_discount,18,0,1,4,existing_living_zone,HARSH_BRAKE_INCREASE|NIGHT_DRIVING_INCREASE|OUT_ZONE_PATTERN_CHANGE_RISK|OUT_ZONE_RATIO_INCREASE|OUT_ZONE_SAFE_DRIVING,recent_risk_change
senior-monthly-score-table/v1,cust_016,driver_016,in_zone_risky_low_mileage,2026-01,1,policy_30_30_20_20_p20_a75,pre_policy_60_day_dbscan,27,12,2,792.57,792.57,27,0.9,257.4,3088.8,234.78,22.62,0.9121,0.0879,-0.0578,0.0763,0.0894,0.0132,4.2399,4.2735,0.0336,11,0.098,4.2593,0.0,4.4209,74.26,73.27,75.69,15.24,76.35,annual_decision_evidence_not_monthly_discount,11,0,0,1,existing_living_zone,FAVORABLE_WITHHELD_FOR_RISK|IN_ZONE_RISK_EVENTS|OUT_ZONE_PATTERN_CHANGE_RISK,in_zone_risk_watch
senior-monthly-score-table/v1,cust_016,driver_016,in_zone_risky_low_mileage,2026-02,2,policy_30_30_20_20_p20_a75,rolling_60_day_dbscan,24,12,2,508.78,508.78,24,0.9,240.9,2890.8,117.91,122.99,0.4895,0.5105,0.1781,0.0802,0.0623,-0.0179,3.6217,4.1511,0.5294,10,0.0,3.3924,0.122,4.8784,75.91,79.52,68.13,35.93,73.07,annual_decision_evidence_not_monthly_discount,6,0,2,4,existing_living_zone,FAVORABLE_WITHHELD_FOR_RISK|IN_ZONE_RISK_EVENTS|OUT_ZONE_PATTERN_CHANGE_RISK|OUT_ZONE_RATIO_INCREASE|OUT_ZONE_SAFE_DRIVING,in_zone_risk_watch
senior-monthly-score-table/v1,cust_016,driver_016,in_zone_risky_low_mileage,2026-03,3,policy_30_30_20_20_p20_a75,rolling_60_day_dbscan,24,15,2,751.83,751.83,24,0.9,270.6,3247.2,173.67,96.93,0.6418,0.3582,0.0325,0.0763,0.0478,-0.0285,4.2143,4.4346,0.2203,12,0.0745,5.1822,0.0,3.095,72.94,68.01,82.81,16.89,75.47,annual_decision_evidence_not_monthly_discount,10,0,2,3,existing_living_zone,FAVORABLE_WITHHELD_FOR_RISK|IN_ZONE_RISK_EVENTS|OUT_ZONE_PATTERN_CHANGE_RISK|OUT_ZONE_SAFE_DRIVING,in_zone_risk_watch
senior-monthly-score-table/v1,cust_016,driver_016,in_zone_risky_low_mileage,2026-04,4,policy_30_30_20_20_p20_a75,rolling_60_day_dbscan,27,15,2,779.35,779.35,27,0.9,273.9,3286.8,197.99,75.91,0.7229,0.2771,-0.0101,0.0546,0.0674,0.0128,4.3011,4.3812,0.0801,12,0.0932,5.5558,0.0,1.3173,72.61,65.55,92.75,13.68,77.26,annual_decision_evidence_not_monthly_discount,11,0,3,1,existing_living_zone,FAVORABLE_WITHHELD_FOR_RISK|IN_ZONE_RISK_EVENTS|OUT_ZONE_PATTERN_CHANGE_RISK|OUT_ZONE_SAFE_DRIVING,in_zone_risk_watch
senior-monthly-score-table/v1,cust_016,driver_016,in_zone_risky_low_mileage,2026-05,5,policy_30_30_20_20_p20_a75,rolling_60_day_dbscan,29,13,2,748.57,748.57,29,0.9,287.1,3445.2,100.75,186.35,0.3509,0.6491,0.3337,0.0591,0.0915,0.0324,4.3294,4.1797,-0.1497,12,0.0,2.9777,0.1409,4.8296,71.29,80.34,65.34,52.09,68.14,annual_decision_evidence_not_monthly_discount,5,0,3,5,existing_living_zone,FAVORABLE_WITHHELD_FOR_RISK|IN_ZONE_RISK_EVENTS|OUT_ZONE_PATTERN_CHANGE_RISK|OUT_ZONE_RATIO_INCREASE|OUT_ZONE_SAFE_DRIVING,in_zone_risk_watch
senior-monthly-score-table/v1,cust_016,driver_016,in_zone_risky_low_mileage,2026-06,6,policy_30_30_20_20_p20_a75,rolling_60_day_dbscan,27,14,2,698.21,698.21,27,0.9,270.6,3247.2,164.48,106.12,0.6078,0.3922,0.2383,0.0816,0.0573,-0.0243,4.198,4.4346,0.2366,12,0.0,4.8638,0.1461,3.7693,72.94,70.82,76.23,41.84,70.01,annual_decision_evidence_not_monthly_discount,8,0,2,4,existing_living_zone,FAVORABLE_WITHHELD_FOR_RISK|IN_ZONE_RISK_EVENTS|OUT_ZONE_PATTERN_CHANGE_RISK|OUT_ZONE_RATIO_INCREASE|OUT_ZONE_SAFE_DRIVING,in_zone_risk_watch
senior-monthly-score-table/v1,cust_016,driver_016,in_zone_risky_low_mileage,2026-07,7,policy_30_30_20_20_p20_a75,rolling_60_day_dbscan,27,14,2,780.94,780.94,27,0.9,277.2,3326.4,168.94,108.26,0.6095,0.3905,0.2269,0.0749,0.0794,0.0045,4.3034,6.4935,2.1901,18,0.1303,6.5112,0.0,6.4659,72.28,59.37,63.63,52.87,61.65,annual_decision_evidence_not_monthly_discount,9,0,1,4,existing_living_zone,FAVORABLE_WITHHELD_FOR_RISK|IN_ZONE_RISK_EVENTS|OUT_ZONE_PATTERN_CHANGE_RISK|OUT_ZONE_RATIO_INCREASE|OUT_ZONE_SAFE_DRIVING,in_zone_risk_watch
senior-monthly-score-table/v1,cust_016,driver_016,in_zone_risky_low_mileage,2026-08,8,policy_30_30_20_20_p20_a75,rolling_60_day_dbscan,28,16,2,850.73,850.73,28,0.9,290.4,3484.8,256.73,33.67,0.8841,0.1159,-0.0574,0.0685,0.0627,-0.0057,5.4765,6.5427,1.0662,19,0.071,7.4008,0.0,0.0,70.96,54.74,100.0,20.33,73.64,annual_decision_evidence_not_monthly_discount,14,0,2,0,existing_living_zone,FAVORABLE_WITHHELD_FOR_RISK|IN_ZONE_RISK_EVENTS|OUT_ZONE_SAFE_DRIVING,in_zone_risk_watch
senior-monthly-score-table/v1,cust_016,driver_016,in_zone_risky_low_mileage,2026-09,9,policy_30_30_20_20_p20_a75,rolling_60_day_dbscan,28,14,2,761.49,761.49,28,0.9,283.8,3405.6,146.25,137.55,0.5153,0.4847,0.2073,0.0762,0.0658,-0.0104,6.4385,6.3425,-0.096,18,0.1276,5.4701,0.0,7.2701,71.62,65.65,57.32,39.19,64.81,annual_decision_evidence_not_monthly_discount,7,0,3,4,existing_living_zone,FAVORABLE_WITHHELD_FOR_RISK|IN_ZONE_RISK_EVENTS|OUT_ZONE_PATTERN_CHANGE_RISK|OUT_ZONE_RATIO_INCREASE|OUT_ZONE_SAFE_DRIVING,in_zone_risk_watch
senior-monthly-score-table/v1,cust_016,driver_016,in_zone_risky_low_mileage,2026-10,10,policy_30_30_20_20_p20_a75,rolling_60_day_dbscan,29,14,2,762.28,762.28,29,0.9,287.1,3445.2,170.92,116.18,0.5953,0.4047,0.136,0.0661,0.0577,-0.0084,6.2709,6.2696,-0.0013,18,0.0969,4.0955,0.0,9.4681,71.29,74.26,46.83,30.87,66.86,annual_decision_evidence_not_monthly_discount,8,0,1,5,existing_living_zone,FAVORABLE_WITHHELD_FOR_RISK|IN_ZONE_RISK_EVENTS|OUT_ZONE_PATTERN_CHANGE_RISK|OUT_ZONE_RATIO_INCREASE|OUT_ZONE_SAFE_DRIVING,in_zone_risk_watch
senior-monthly-score-table/v1,cust_016,driver_016,in_zone_risky_low_mileage,2026-11,11,policy_30_30_20_20_p20_a75,rolling_60_day_dbscan,27,13,2,773.52,773.52,27,0.9,273.9,3286.8,179.13,94.77,0.654,0.346,0.1043,0.0634,0.0985,0.0351,6.4845,6.5717,0.0872,18,0.1506,5.5825,0.0,8.4415,72.61,64.7,53.57,31.11,65.69,annual_decision_evidence_not_monthly_discount,9,0,1,3,existing_living_zone,FAVORABLE_WITHHELD_FOR_RISK|IN_ZONE_RISK_EVENTS|OUT_ZONE_PATTERN_CHANGE_RISK|OUT_ZONE_SAFE_DRIVING,in_zone_risk_watch
senior-monthly-score-table/v1,cust_016,driver_016,in_zone_risky_low_mileage,2026-12,12,policy_30_30_20_20_p20_a75,rolling_60_day_dbscan,26,14,2,809.96,809.96,26,0.9,287.1,3445.2,269.76,17.34,0.9396,0.0604,-0.0812,0.0803,0.0593,-0.021,6.0836,6.2696,0.186,18,0.0631,6.3019,0.0,5.767,71.29,61.43,68.28,15.93,70.29,annual_decision_evidence_not_monthly_discount,13,0,0,1,existing_living_zone,FAVORABLE_WITHHELD_FOR_RISK|IN_ZONE_RISK_EVENTS|OUT_ZONE_PATTERN_CHANGE_RISK,in_zone_risk_watch
senior-monthly-score-table/v1,cust_017,driver_017,in_zone_risky_low_mileage,2026-01,1,policy_30_30_20_20_p20_a75,pre_policy_60_day_dbscan,36,16,2,727.56,727.56,36,0.9,327.6,3931.2,234.68,92.92,0.7164,0.2836,0.059,0.0505,0.0559,0.0054,4.2004,4.2735,0.0731,14,0.078,4.6872,0.0,3.2286,67.24,70.94,82.24,20.91,73.72,annual_decision_evidence_not_monthly_discount,11,0,2,3,existing_living_zone,FAVORABLE_WITHHELD_FOR_RISK|IN_ZONE_RISK_EVENTS|OUT_ZONE_PATTERN_CHANGE_RISK|OUT_ZONE_SAFE_DRIVING,in_zone_risk_watch
senior-monthly-score-table/v1,cust_017,driver_017,in_zone_risky_low_mileage,2026-02,2,policy_30_30_20_20_p20_a75,rolling_60_day_dbscan,34,15,2,741.68,741.68,34,0.9,306.6,3679.2,306.6,0,1.0,0.0,-0.169,0.0518,0.0551,0.0032,4.2261,4.2401,0.014,13,0.0551,4.2401,0.0,0.0,69.34,73.9,100.0,13.39,80.29,annual_decision_evidence_not_monthly_discount,15,0,0,0,existing_living_zone,FAVORABLE_WITHHELD_FOR_RISK|IN_ZONE_RISK_EVENTS|NO_STRONG_RISK_CHANGE,in_zone_risk_watch
senior-monthly-score-table/v1,cust_017,driver_017,in_zone_risky_low_mileage,2026-03,3,policy_30_30_20_20_p20_a75,rolling_60_day_dbscan,31,17,2,756.38,756.38,31,0.9,344.4,4132.8,306.2,38.2,0.8891,0.1109,-0.0356,0.0555,0.0427,-0.0128,4.2573,4.3554,0.0981,15,0.048,4.2456,0.0,5.2356,65.56,73.95,71.2,13.73,73.35,annual_decision_evidence_not_monthly_discount,15,0,0,2,existing_living_zone,FAVORABLE_WITHHELD_FOR_RISK|IN_ZONE_RISK_EVENTS|OUT_ZONE_PATTERN_CHANGE_RISK,in_zone_risk_watch
senior-monthly-score-table/v1,cust_017,driver_017,in_zone_risky_low_mileage,2026-04,4,policy_30_30_20_20_p20_a75,rolling_60_day_dbscan,32,16,2,692.06,692.06,32,0.9,348.6,4183.2,304.11,44.49,0.8724,0.1276,-0.0977,0.0485,0.0704,0.0219,4.3011,4.3029,0.0019,15,0.0807,4.6036,0.0,2.2477,65.14,71.41,87.64,16.26,75.24,annual_decision_evidence_not_monthly_discount,14,0,1,1,existing_living_zone,FAVORABLE_WITHHELD_FOR_RISK|IN_ZONE_RISK_EVENTS|OUT_ZONE_PATTERN_CHANGE_RISK|OUT_ZONE_SAFE_DRIVING,in_zone_risk_watch
senior-monthly-score-table/v1,cust_017,driver_017,in_zone_risky_low_mileage,2026-05,5,policy_30_30_20_20_p20_a75,rolling_60_day_dbscan,31,18,2,708.97,708.97,31,0.9,365.4,4384.8,292.11,73.29,0.7994,0.2006,-0.0332,0.0606,0.0571,-0.0035,4.4777,4.3788,-0.099,16,0.0714,3.4234,0.0,8.1867,63.46,78.6,54.97,13.33,70.95,annual_decision_evidence_not_monthly_discount,14,0,0,4,existing_living_zone,FAVORABLE_WITHHELD_FOR_RISK|IN_ZONE_RISK_EVENTS|OUT_ZONE_PATTERN_CHANGE_RISK,in_zone_risk_watch
senior-monthly-score-table/v1,cust_017,driver_017,in_zone_risky_low_mileage,2026-06,6,policy_30_30_20_20_p20_a75,rolling_60_day_dbscan,33,16,2,708.18,708.18,33,0.9,344.4,4132.8,279.77,64.63,0.8123,0.1877,0.0171,0.0658,0.0458,-0.0199,4.3448,4.3554,0.0106,15,0.0564,4.2892,0.0,4.6418,65.56,73.59,74.47,16.11,73.42,annual_decision_evidence_not_monthly_discount,13,0,1,2,existing_living_zone,FAVORABLE_WITHHELD_FOR_RISK|IN_ZONE_RISK_EVENTS|OUT_ZONE_PATTERN_CHANGE_RISK|OUT_ZONE_SAFE_DRIVING,in_zone_risk_watch
senior-monthly-score-table/v1,cust_017,driver_017,in_zone_risky_low_mileage,2026-07,7,policy_30_30_20_20_p20_a75,rolling_60_day_dbscan,34,18,2,691.51,691.51,34,0.9,352.8,4233.6,278.18,74.62,0.7885,0.2115,0.0717,0.0516,0.0482,-0.0035,4.3674,6.5193,2.1518,23,0.0,6.4706,0.2277,6.7006,64.72,61.18,59.73,34.12,62.89,annual_decision_evidence_not_monthly_discount,14,0,1,3,existing_living_zone,FAVORABLE_WITHHELD_FOR_RISK|IN_ZONE_RISK_EVENTS|OUT_ZONE_PATTERN_CHANGE_RISK|OUT_ZONE_SAFE_DRIVING,in_zone_risk_watch
senior-monthly-score-table/v1,cust_017,driver_017,in_zone_risky_low_mileage,2026-08,8,policy_30_30_20_20_p20_a75,rolling_60_day_dbscan,32,17,2,708.05,708.05,32,0.9,369.6,4435.2,352.07,17.53,0.9526,0.0474,-0.0746,0.0505,0.0504,-0.0001,5.3963,6.4935,1.0972,24,0.0529,6.8168,0.0,0.0,63.04,58.46,100.0,20.49,72.35,annual_decision_evidence_not_monthly_discount,16,0,1,0,existing_living_zone,FAVORABLE_WITHHELD_FOR_RISK|IN_ZONE_RISK_EVENTS|OUT_ZONE_SAFE_DRIVING,in_zone_risk_watch
senior-monthly-score-table/v1,cust_017,driver_017,in_zone_risky_low_mileage,2026-09,9,policy_30_30_20_20_p20_a75,rolling_60_day_dbscan,33,18,2,692.93,692.93,33,0.9,361.2,4334.4,320.76,40.44,0.888,0.112,-0.0017,0.0522,0.0428,-0.0094,6.7402,6.3677,-0.3726,23,0.0482,6.8587,0.0,2.4728,63.88,58.27,86.4,15.0,70.93,annual_decision_evidence_not_monthly_discount,16,0,1,1,existing_living_zone,FAVORABLE_WITHHELD_FOR_RISK|IN_ZONE_RISK_EVENTS|OUT_ZONE_PATTERN_CHANGE_RISK|OUT_ZONE_SAFE_DRIVING,in_zone_risk_watch
senior-monthly-score-table/v1,cust_017,driver_017,in_zone_risky_low_mileage,2026-10,10,policy_30_30_20_20_p20_a75,rolling_60_day_dbscan,34,18,2,712.03,712.03,34,0.9,365.4,4384.8,271.42,93.98,0.7428,0.2572,0.0667,0.0485,0.0435,-0.005,6.5493,6.2945,-0.2549,23,0.0586,6.2634,0.0,6.3843,63.46,61.72,64.89,22.78,65.98,annual_decision_evidence_not_monthly_discount,13,0,1,4,existing_living_zone,FAVORABLE_WITHHELD_FOR_RISK|IN_ZONE_RISK_EVENTS|OUT_ZONE_PATTERN_CHANGE_RISK|OUT_ZONE_SAFE_DRIVING,in_zone_risk_watch
senior-monthly-score-table/v1,cust_017,driver_017,in_zone_risky_low_mileage,2026-11,11,policy_30_30_20_20_p20_a75,rolling_60_day_dbscan,35,16,2,766.47,766.47,35,0.9,348.6,4183.2,326.17,22.43,0.9357,0.0643,-0.0744,0.0445,0.0573,0.0128,6.5324,6.311,-0.2215,22,0.0613,6.7449,0.0,0.0,65.14,58.8,100.0,16.28,73.93,annual_decision_evidence_not_monthly_discount,15,0,1,0,existing_living_zone,FAVORABLE_WITHHELD_FOR_RISK|IN_ZONE_RISK_EVENTS|NO_STRONG_RISK_CHANGE|OUT_ZONE_SAFE_DRIVING,in_zone_risk_watch
senior-monthly-score-table/v1,cust_017,driver_017,in_zone_risky_low_mileage,2026-12,12,policy_30_30_20_20_p20_a75,rolling_60_day_dbscan,33,18,2,718.85,718.85,33,0.9,365.4,4384.8,281.73,83.67,0.771,0.229,0.0925,0.0517,0.0518,0.0,6.1976,6.2945,0.0969,23,0.0,6.744,0.226,4.7807,63.46,59.54,70.32,26.28,65.71,annual_decision_evidence_not_monthly_discount,14,0,1,3,existing_living_zone,FAVORABLE_WITHHELD_FOR_RISK|IN_ZONE_RISK_EVENTS|OUT_ZONE_PATTERN_CHANGE_RISK|OUT_ZONE_SAFE_DRIVING,in_zone_risk_watch
senior-monthly-score-table/v1,cust_018,driver_018,in_zone_risky_low_mileage,2026-01,1,policy_30_30_20_20_p20_a75,pre_policy_60_day_dbscan,37,18,2,695.44,695.44,37,0.9,351.0,4212.0,290.63,60.37,0.828,0.172,-0.0147,0.0597,0.048,-0.0117,4.1907,4.2735,0.0828,15,0.058,4.8171,0.0,1.6565,64.9,70.4,90.89,12.91,76.19,annual_decision_evidence_not_monthly_discount,15,0,2,1,existing_living_zone,FAVORABLE_WITHHELD_FOR_RISK|IN_ZONE_RISK_EVENTS|OUT_ZONE_PATTERN_CHANGE_RISK|OUT_ZONE_SAFE_DRIVING,in_zone_risk_watch
senior-monthly-score-table/v1,cust_018,driver_018,in_zone_risky_low_mileage,2026-02,2,policy_30_30_20_20_p20_a75,rolling_60_day_dbscan,35,15,2,646.58,646.58,35,0.9,328.5,3942.0,215.42,113.08,0.6558,0.3442,0.055,0.0499,0.074,0.024,3.8975,4.2618,0.3643,14,0.0,4.6421,0.2149,3.5373,67.15,72.15,77.32,24.64,72.33,annual_decision_evidence_not_monthly_discount,10,0,2,3,existing_living_zone,FAVORABLE_WITHHELD_FOR_RISK|IN_ZONE_RISK_EVENTS|OUT_ZONE_PATTERN_CHANGE_RISK|OUT_ZONE_SAFE_DRIVING,in_zone_risk_watch
senior-monthly-score-table/v1,cust_018,driver_018,in_zone_risky_low_mileage,2026-03,3,policy_30_30_20_20_p20_a75,rolling_60_day_dbscan,33,17,2,570.13,570.13,33,0.9,369.0,4428.0,222.49,146.51,0.603,0.397,-0.0269,0.0606,0.0542,-0.0064,4.2678,4.336,0.0682,16,0.0899,4.0451,0.0,4.7778,63.1,74.65,72.78,14.46,72.99,annual_decision_evidence_not_monthly_discount,10,0,2,5,existing_living_zone,FAVORABLE_WITHHELD_FOR_RISK|IN_ZONE_RISK_EVENTS|OUT_ZONE_PATTERN_CHANGE_RISK|OUT_ZONE_SAFE_DRIVING,in_zone_risk_watch
senior-monthly-score-table/v1,cust_018,driver_018,in_zone_risky_low_mileage,2026-04,4,policy_30_30_20_20_p20_a75,rolling_60_day_dbscan,32,20,2,658.26,658.26,32,0.9,373.5,4482.0,295.13,78.37,0.7902,0.2098,-0.0741,0.0635,0.0533,-0.0102,4.3011,4.2838,-0.0173,16,0.0,5.0825,0.2541,1.276,62.65,69.5,89.17,12.0,75.08,annual_decision_evidence_not_monthly_discount,16,0,2,2,existing_living_zone,FAVORABLE_WITHHELD_FOR_RISK|IN_ZONE_RISK_EVENTS|OUT_ZONE_PATTERN_CHANGE_RISK|OUT_ZONE_SAFE_DRIVING,in_zone_risk_watch
senior-monthly-score-table/v1,cust_018,driver_018,in_zone_risky_low_mileage,2026-05,5,policy_30_30_20_20_p20_a75,rolling_60_day_dbscan,36,20,2,672.58,672.58,36,0.9,391.5,4698.0,292.47,99.03,0.747,0.253,0.0902,0.0552,0.0448,-0.0104,4.426,4.3423,-0.0837,17,0.0599,4.103,0.0,5.049,60.85,74.66,72.23,23.27,70.45,annual_decision_evidence_not_monthly_discount,15,0,2,3,existing_living_zone,FAVORABLE_WITHHELD_FOR_RISK|IN_ZONE_RISK_EVENTS|OUT_ZONE_PATTERN_CHANGE_RISK|OUT_ZONE_SAFE_DRIVING,in_zone_risk_watch
senior-monthly-score-table/v1,cust_018,driver_018,in_zone_risky_low_mileage,2026-06,6,policy_30_30_20_20_p20_a75,rolling_60_day_dbscan,39,18,2,661.85,661.85,39,0.9,369.0,4428.0,284.57,84.43,0.7712,0.2288,0.0425,0.0504,0.0652,0.0148,3.364,4.336,0.9721,16,0.0,4.2169,0.2849,4.7377,63.1,74.7,69.67,24.63,70.35,annual_decision_evidence_not_monthly_discount,14,0,1,3,existing_living_zone,FAVORABLE_WITHHELD_FOR_RISK|IN_ZONE_RISK_EVENTS|OUT_ZONE_PATTERN_CHANGE_RISK|OUT_ZONE_SAFE_DRIVING,in_zone_risk_watch
senior-monthly-score-table/v1,cust_018,driver_018,in_zone_risky_low_mileage,2026-07,7,policy_30_30_20_20_p20_a75,rolling_60_day_dbscan,37,19,2,668.05,668.05,37,0.9,378.0,4536.0,378.0,0,1.0,0.0,-0.1947,0.056,0.0551,-0.0009,4.4453,6.3492,1.9039,24,0.0551,6.3492,0.0,0.0,62.2,61.24,100.0,24.52,72.13,annual_decision_evidence_not_monthly_discount,19,0,0,0,existing_living_zone,FAVORABLE_WITHHELD_FOR_RISK|IN_ZONE_RISK_EVENTS,in_zone_risk_watch
senior-monthly-score-table/v1,cust_018,driver_018,in_zone_risky_low_mileage,2026-08,8,policy_30_30_20_20_p20_a75,rolling_60_day_dbscan,36,20,2,693.58,693.58,36,0.9,396.0,4752.0,248.84,147.16,0.6284,0.3716,0.1763,0.0619,0.0511,-0.0108,5.2445,6.3131,1.0686,25,0.0,6.8317,0.1376,5.4363,60.4,59.01,67.6,40.91,61.16,annual_decision_evidence_not_monthly_discount,13,0,1,6,existing_living_zone,FAVORABLE_WITHHELD_FOR_RISK|IN_ZONE_RISK_EVENTS|OUT_ZONE_PATTERN_CHANGE_RISK|OUT_ZONE_RATIO_INCREASE|OUT_ZONE_SAFE_DRIVING,in_zone_risk_watch
senior-monthly-score-table/v1,cust_018,driver_018,in_zone_risky_low_mileage,2026-09,9,policy_30_30_20_20_p20_a75,rolling_60_day_dbscan,37,19,2,679.56,679.56,37,0.9,387.0,4644.0,286.56,100.44,0.7405,0.2595,0.0585,0.0561,0.0685,0.0124,6.4176,6.4599,0.0423,25,0.0,5.5835,0.2638,8.9606,61.3,66.5,46.76,23.28,63.04,annual_decision_evidence_not_monthly_discount,14,0,1,4,existing_living_zone,FAVORABLE_WITHHELD_FOR_RISK|IN_ZONE_RISK_EVENTS|OUT_ZONE_PATTERN_CHANGE_RISK|OUT_ZONE_SAFE_DRIVING,in_zone_risk_watch
senior-monthly-score-table/v1,cust_018,driver_018,in_zone_risky_low_mileage,2026-10,10,policy_30_30_20_20_p20_a75,rolling_60_day_dbscan,37,21,2,646.11,646.11,37,0.9,391.5,4698.0,330.96,60.54,0.8454,0.1546,-0.0163,0.0626,0.0584,-0.0042,6.1628,6.3857,0.2229,25,0.0691,6.9495,0.0,3.3036,60.85,57.47,81.83,16.11,68.64,annual_decision_evidence_not_monthly_discount,18,0,1,2,existing_living_zone,FAVORABLE_WITHHELD_FOR_RISK|IN_ZONE_RISK_EVENTS|OUT_ZONE_PATTERN_CHANGE_RISK|OUT_ZONE_SAFE_DRIVING,in_zone_risk_watch
senior-monthly-score-table/v1,cust_018,driver_018,in_zone_risky_low_mileage,2026-11,11,policy_30_30_20_20_p20_a75,rolling_60_day_dbscan,39,19,1,1382.71,1382.71,39,0.9,373.5,4482.0,373.5,0,1.0,0.0,-0.1307,0.0653,0.0647,-0.0006,6.609,6.4257,-0.1833,24,0.0647,6.4257,0.0,0.0,62.65,60.67,100.0,15.0,74.0,annual_decision_evidence_not_monthly_discount,19,0,0,0,existing_living_zone,FAVORABLE_WITHHELD_FOR_RISK|IN_ZONE_RISK_EVENTS|NO_STRONG_RISK_CHANGE,in_zone_risk_watch
senior-monthly-score-table/v1,cust_018,driver_018,in_zone_risky_low_mileage,2026-12,12,policy_30_30_20_20_p20_a75,rolling_60_day_dbscan,40,21,1,1372.24,1372.24,40,0.9,391.5,4698.0,342.97,48.53,0.876,0.124,-0.0198,0.0615,0.0552,-0.0063,6.4052,6.3857,-0.0195,25,0.063,6.4146,0.0,6.1817,60.85,60.76,66.0,15.0,66.68,annual_decision_evidence_not_monthly_discount,18,0,0,3,existing_living_zone,FAVORABLE_WITHHELD_FOR_RISK|IN_ZONE_RISK_EVENTS|OUT_ZONE_PATTERN_CHANGE_RISK,in_zone_risk_watch
senior-monthly-score-table/v1,cust_019,driver_019,in_zone_risky_low_mileage,2026-01,1,policy_30_30_20_20_p20_a75,pre_policy_60_day_dbscan,33,14,2,595.89,595.89,33,0.9,304.2,3650.4,144.55,159.65,0.4752,0.5248,0.1912,0.0557,0.0674,0.0117,4.2115,4.2735,0.062,13,0.1418,4.8426,0.0,3.7582,69.58,68.95,75.83,37.72,69.18,annual_decision_evidence_not_monthly_discount,7,0,3,4,existing_living_zone,FAVORABLE_WITHHELD_FOR_RISK|IN_ZONE_RISK_EVENTS|OUT_ZONE_PATTERN_CHANGE_RISK|OUT_ZONE_RATIO_INCREASE|OUT_ZONE_SAFE_DRIVING,in_zone_risk_watch
senior-monthly-score-table/v1,cust_019,driver_019,in_zone_risky_low_mileage,2026-02,2,policy_30_30_20_20_p20_a75,rolling_60_day_dbscan,30,13,2,628.33,628.33,30,0.9,284.7,3416.4,212.93,71.77,0.7479,0.2521,0.0696,0.0602,0.0922,0.032,4.0822,4.215,0.1328,12,0.1233,3.7571,0.0,5.5734,71.53,75.98,69.35,25.83,72.96,annual_decision_evidence_not_monthly_discount,9,0,2,2,existing_living_zone,FAVORABLE_WITHHELD_FOR_RISK|IN_ZONE_RISK_EVENTS|OUT_ZONE_PATTERN_CHANGE_RISK|OUT_ZONE_SAFE_DRIVING,in_zone_risk_watch
senior-monthly-score-table/v1,cust_019,driver_019,in_zone_risky_low_mileage,2026-03,3,policy_30_30_20_20_p20_a75,rolling_60_day_dbscan,27,16,2,639.82,639.82,27,0.9,319.8,3837.6,277.22,42.58,0.8669,0.1331,-0.0107,0.0794,0.0515,-0.0279,4.2452,4.3777,0.1325,14,0.0594,3.968,0.0,7.0456,68.02,75.48,61.25,13.79,72.54,annual_decision_evidence_not_monthly_discount,14,0,0,2,existing_living_zone,FAVORABLE_WITHHELD_FOR_RISK|IN_ZONE_RISK_EVENTS|OUT_ZONE_PATTERN_CHANGE_RISK,in_zone_risk_watch
senior-monthly-score-table/v1,cust_019,driver_019,in_zone_risky_low_mileage,2026-04,4,policy_30_30_20_20_p20_a75,rolling_60_day_dbscan,29,15,2,639.6,639.6,29,0.9,323.7,3884.4,239.2,84.5,0.739,0.261,-0.0008,0.0707,0.0759,0.0052,4.3011,4.325,0.0239,14,0.1028,4.5987,0.0,3.5503,67.63,71.17,80.47,14.64,74.81,annual_decision_evidence_not_monthly_discount,11,0,1,3,existing_living_zone,FAVORABLE_WITHHELD_FOR_RISK|IN_ZONE_RISK_EVENTS|OUT_ZONE_PATTERN_CHANGE_RISK|OUT_ZONE_SAFE_DRIVING,in_zone_risk_watch
senior-monthly-score-table/v1,cust_019,driver_019,in_zone_risky_low_mileage,2026-05,5,policy_30_30_20_20_p20_a75,rolling_60_day_dbscan,31,17,2,636.03,636.03,31,0.9,339.3,4071.6,211.05,128.25,0.622,0.378,0.0321,0.0638,0.0676,0.0038,4.3512,4.4209,0.0697,15,0.1087,4.2644,0.0,4.6784,66.07,73.11,73.71,17.71,72.95,annual_decision_evidence_not_monthly_discount,11,0,2,4,existing_living_zone,FAVORABLE_WITHHELD_FOR_RISK|IN_ZONE_RISK_EVENTS|OUT_ZONE_PATTERN_CHANGE_RISK|OUT_ZONE_SAFE_DRIVING,in_zone_risk_watch
senior-monthly-score-table/v1,cust_019,driver_019,in_zone_risky_low_mileage,2026-06,6,policy_30_30_20_20_p20_a75,rolling_60_day_dbscan,32,16,2,646.44,646.44,32,0.9,319.8,3837.6,272.9,46.9,0.8533,0.1467,-0.0079,0.0717,0.0574,-0.0143,4.3741,4.3777,0.0037,14,0.0672,4.0308,0.0,6.3966,68.02,75.01,64.82,13.14,73.25,annual_decision_evidence_not_monthly_discount,14,0,0,2,existing_living_zone,FAVORABLE_WITHHELD_FOR_RISK|IN_ZONE_RISK_EVENTS|OUT_ZONE_PATTERN_CHANGE_RISK,in_zone_risk_watch
senior-monthly-score-table/v1,cust_019,driver_019,in_zone_risky_low_mileage,2026-07,7,policy_30_30_20_20_p20_a75,rolling_60_day_dbscan,33,17,2,659.43,659.43,33,0.9,327.6,3931.2,285.83,41.77,0.8725,0.1275,-0.0316,0.0626,0.0566,-0.0061,4.3999,6.4103,2.0103,21,0.0649,6.2974,0.0,7.1822,67.24,61.44,60.5,25.05,65.69,annual_decision_evidence_not_monthly_discount,15,0,0,2,existing_living_zone,FAVORABLE_WITHHELD_FOR_RISK|IN_ZONE_RISK_EVENTS|OUT_ZONE_PATTERN_CHANGE_RISK,in_zone_risk_watch
senior-monthly-score-table/v1,cust_019,driver_019,in_zone_risky_low_mileage,2026-08,8,policy_30_30_20_20_p20_a75,rolling_60_day_dbscan,31,17,2,673.16,673.16,31,0.9,343.2,4118.4,264.02,79.18,0.7693,0.2307,-0.0429,0.0607,0.0587,-0.002,5.761,6.4103,0.6492,22,0.0763,6.8177,0.0,5.0518,65.68,58.18,72.22,18.25,67.95,annual_decision_evidence_not_monthly_discount,13,0,1,3,existing_living_zone,FAVORABLE_WITHHELD_FOR_RISK|IN_ZONE_RISK_EVENTS|OUT_ZONE_PATTERN_CHANGE_RISK|OUT_ZONE_SAFE_DRIVING,in_zone_risk_watch
senior-monthly-score-table/v1,cust_019,driver_019,in_zone_risky_low_mileage,2026-09,9,policy_30_30_20_20_p20_a75,rolling_60_day_dbscan,33,17,2,682.27,682.27,33,0.9,335.4,4024.8,271.75,63.65,0.8102,0.1898,0.0054,0.059,0.0541,-0.0048,6.5543,6.2612,-0.2931,21,0.0,6.6237,0.2853,4.7133,66.46,60.26,69.8,15.63,68.85,annual_decision_evidence_not_monthly_discount,14,0,2,1,existing_living_zone,FAVORABLE_WITHHELD_FOR_RISK|IN_ZONE_RISK_EVENTS|OUT_ZONE_PATTERN_CHANGE_RISK|OUT_ZONE_SAFE_DRIVING,in_zone_risk_watch
senior-monthly-score-table/v1,cust_019,driver_019,in_zone_risky_low_mileage,2026-10,10,policy_30_30_20_20_p20_a75,rolling_60_day_dbscan,32,18,2,642.86,642.86,32,0.9,339.3,4071.6,261.0,78.3,0.7692,0.2308,0.0077,0.0598,0.0477,-0.0121,6.2464,6.4839,0.2375,22,0.062,7.2797,0.0,3.8314,66.07,55.58,78.93,17.09,68.86,annual_decision_evidence_not_monthly_discount,14,0,1,3,existing_living_zone,FAVORABLE_WITHHELD_FOR_RISK|IN_ZONE_RISK_EVENTS|OUT_ZONE_PATTERN_CHANGE_RISK|OUT_ZONE_SAFE_DRIVING,in_zone_risk_watch
senior-monthly-score-table/v1,cust_019,driver_019,in_zone_risky_low_mileage,2026-11,11,policy_30_30_20_20_p20_a75,rolling_60_day_dbscan,33,16,2,633.66,633.66,33,0.9,323.7,3884.4,291.66,32.04,0.901,0.099,-0.1544,0.0538,0.0655,0.0117,6.2667,6.4875,0.2207,21,0.0727,6.1716,0.0,9.3633,67.63,62.1,48.5,17.27,65.17,annual_decision_evidence_not_monthly_discount,14,0,0,2,existing_living_zone,FAVORABLE_WITHHELD_FOR_RISK|IN_ZONE_RISK_EVENTS|OUT_ZONE_PATTERN_CHANGE_RISK,in_zone_risk_watch
senior-monthly-score-table/v1,cust_019,driver_019,in_zone_risky_low_mileage,2026-12,12,policy_30_30_20_20_p20_a75,rolling_60_day_dbscan,32,18,2,693.6,693.6,32,0.9,339.3,4071.6,297.82,41.48,0.8777,0.1223,-0.0916,0.0602,0.0574,-0.0028,6.4412,6.4839,0.0427,22,0.0654,6.3797,0.0,7.2324,66.07,60.94,60.22,15.21,67.1,annual_decision_evidence_not_monthly_discount,16,0,1,1,existing_living_zone,FAVORABLE_WITHHELD_FOR_RISK|IN_ZONE_RISK_EVENTS|OUT_ZONE_PATTERN_CHANGE_RISK|OUT_ZONE_SAFE_DRIVING,in_zone_risk_watch
senior-monthly-score-table/v1,cust_020,driver_020,in_zone_risky_low_mileage,2026-01,1,policy_30_30_20_20_p20_a75,pre_policy_60_day_dbscan,24,11,1,1379.41,1379.41,24,0.9,234.0,2808.0,177.74,56.26,0.7596,0.2404,0.0088,0.1017,0.088,-0.0137,4.2583,4.2735,0.0152,10,0.1158,5.0636,0.0,1.7775,76.6,68.23,90.22,14.74,78.55,annual_decision_evidence_not_monthly_discount,8,0,2,1,existing_living_zone,FAVORABLE_WITHHELD_FOR_RISK|IN_ZONE_RISK_EVENTS|OUT_ZONE_PATTERN_CHANGE_RISK|OUT_ZONE_SAFE_DRIVING,in_zone_risk_watch
senior-monthly-score-table/v1,cust_020,driver_020,in_zone_risky_low_mileage,2026-02,2,policy_30_30_20_20_p20_a75,rolling_60_day_dbscan,23,11,1,1421.96,1421.96,23,0.9,219.0,2628.0,200.08,18.92,0.9136,0.0864,-0.155,0.0935,0.1196,0.0261,4.4646,4.1096,-0.355,9,0.1309,3.9984,0.0,5.2854,78.1,74.44,70.93,14.88,76.97,annual_decision_evidence_not_monthly_discount,10,0,0,1,existing_living_zone,FAVORABLE_WITHHELD_FOR_RISK|IN_ZONE_RISK_EVENTS|OUT_ZONE_PATTERN_CHANGE_RISK,in_zone_risk_watch
senior-monthly-score-table/v1,cust_020,driver_020,in_zone_risky_low_mileage,2026-03,3,policy_30_30_20_20_p20_a75,rolling_60_day_dbscan,22,13,1,1540.48,1540.48,22,0.9,246.0,2952.0,224.57,21.43,0.9129,0.0871,-0.0788,0.1033,0.0695,-0.0338,4.1943,4.4715,0.2773,11,0.0761,4.453,0.0,4.6664,75.4,72.37,74.33,14.08,76.38,annual_decision_evidence_not_monthly_discount,12,0,0,1,existing_living_zone,FAVORABLE_WITHHELD_FOR_RISK|IN_ZONE_RISK_EVENTS|OUT_ZONE_PATTERN_CHANGE_RISK,in_zone_risk_watch
senior-monthly-score-table/v1,cust_020,driver_020,in_zone_risky_low_mileage,2026-04,4,policy_30_30_20_20_p20_a75,rolling_60_day_dbscan,24,12,1,774.5,774.5,24,0.9,249.0,2988.0,181.98,67.02,0.7308,0.2692,0.1489,0.0931,0.0675,-0.0256,4.3011,4.4177,0.1166,11,0.0924,4.9456,0.0,2.9842,75.1,69.22,83.59,31.7,73.67,annual_decision_evidence_not_monthly_discount,9,0,1,2,existing_living_zone,FAVORABLE_WITHHELD_FOR_RISK|IN_ZONE_RISK_EVENTS|OUT_ZONE_PATTERN_CHANGE_RISK|OUT_ZONE_RATIO_INCREASE|OUT_ZONE_SAFE_DRIVING,in_zone_risk_watch
senior-monthly-score-table/v1,cust_020,driver_020,in_zone_risky_low_mileage,2026-05,5,policy_30_30_20_20_p20_a75,rolling_60_day_dbscan,24,14,1,1606.22,1606.22,24,0.9,261.0,3132.0,223.37,37.63,0.8558,0.1442,0.0007,0.0715,0.0802,0.0088,4.005,4.2146,0.2096,11,0.0937,4.4769,0.0,2.6575,73.9,72.01,85.38,13.8,78.09,annual_decision_evidence_not_monthly_discount,12,1,0,1,existing_living_zone,CANDIDATE_LIVING_ZONE|FAVORABLE_WITHHELD_FOR_RISK|IN_ZONE_RISK_EVENTS|OUT_ZONE_PATTERN_CHANGE_RISK,in_zone_risk_watch
senior-monthly-score-table/v1,cust_020,driver_020,in_zone_risky_low_mileage,2026-06,6,policy_30_30_20_20_p20_a75,rolling_60_day_dbscan,25,12,1,1362.35,1362.35,25,0.9,246.0,2952.0,246.0,0,1.0,0.0,-0.171,0.0766,0.0851,0.0085,4.2625,4.4715,0.2091,11,0.0851,4.4715,0.0,0.0,75.4,72.15,100.0,15.65,81.14,annual_decision_evidence_not_monthly_discount,12,0,0,0,existing_living_zone,FAVORABLE_WITHHELD_FOR_RISK|IN_ZONE_RISK_EVENTS|NO_STRONG_RISK_CHANGE,in_zone_risk_watch
senior-monthly-score-table/v1,cust_020,driver_020,in_zone_risky_low_mileage,2026-07,7,policy_30_30_20_20_p20_a75,rolling_60_day_dbscan,26,14,1,1471.03,1471.03,26,0.9,252.0,3024.0,175.93,76.07,0.6981,0.3019,0.1058,0.0826,0.0733,-0.0093,4.3393,6.3492,2.01,16,0.105,4.5473,0.0,10.5166,74.8,71.46,42.16,37.39,64.83,annual_decision_evidence_not_monthly_discount,10,0,1,3,existing_living_zone,FAVORABLE_WITHHELD_FOR_RISK|IN_ZONE_RISK_EVENTS|OUT_ZONE_PATTERN_CHANGE_RISK|OUT_ZONE_SAFE_DRIVING,in_zone_risk_watch
senior-monthly-score-table/v1,cust_020,driver_020,in_zone_risky_low_mileage,2026-08,8,policy_30_30_20_20_p20_a75,rolling_60_day_dbscan,25,13,1,1583.22,1583.22,25,0.9,264.0,3168.0,183.48,80.52,0.695,0.305,0.1465,0.0821,0.0822,0.0001,5.6244,6.4394,0.815,17,0.0,5.9952,0.2694,7.4516,73.6,64.03,54.98,36.18,65.05,annual_decision_evidence_not_monthly_discount,9,0,1,3,existing_living_zone,FAVORABLE_WITHHELD_FOR_RISK|IN_ZONE_RISK_EVENTS|OUT_ZONE_PATTERN_CHANGE_RISK|OUT_ZONE_RATIO_INCREASE|OUT_ZONE_SAFE_DRIVING,in_zone_risk_watch
senior-monthly-score-table/v1,cust_020,driver_020,in_zone_risky_low_mileage,2026-09,9,policy_30_30_20_20_p20_a75,rolling_60_day_dbscan,25,14,1,1559.61,1559.61,25,0.9,258.0,3096.0,243.85,14.15,0.9452,0.0548,-0.1887,0.0833,0.0632,-0.0201,6.2247,6.5891,0.3644,17,0.0668,6.1513,0.0,14.1343,74.2,62.29,22.26,16.82,62.04,annual_decision_evidence_not_monthly_discount,13,0,0,1,existing_living_zone,FAVORABLE_WITHHELD_FOR_RISK|IN_ZONE_RISK_EVENTS|OUT_ZONE_PATTERN_CHANGE_RISK,in_zone_risk_watch
senior-monthly-score-table/v1,cust_020,driver_020,in_zone_risky_low_mileage,2026-10,10,policy_30_30_20_20_p20_a75,rolling_60_day_dbscan,26,13,1,1232.88,1232.88,26,0.9,261.0,3132.0,238.02,22.98,0.912,0.088,-0.1789,0.0755,0.0636,-0.0119,6.7553,6.5134,-0.2419,17,0.0697,6.7221,0.0,4.3516,73.9,58.83,76.07,15.0,72.03,annual_decision_evidence_not_monthly_discount,12,0,0,1,existing_living_zone,FAVORABLE_WITHHELD_FOR_RISK|IN_ZONE_RISK_EVENTS|OUT_ZONE_PATTERN_CHANGE_RISK,in_zone_risk_watch
senior-monthly-score-table/v1,cust_020,driver_020,in_zone_risky_low_mileage,2026-11,11,policy_30_30_20_20_p20_a75,rolling_60_day_dbscan,26,11,1,832.36,832.36,26,0.9,249.0,2988.0,226.93,22.07,0.9114,0.0886,-0.2663,0.0659,0.1154,0.0495,6.8076,6.4257,-0.3819,16,0.1266,6.61,0.0,4.531,75.1,58.82,75.08,19.95,71.2,annual_decision_evidence_not_monthly_discount,10,0,0,1,existing_living_zone,FAVORABLE_WITHHELD_FOR_RISK|IN_ZONE_RISK_EVENTS|OUT_ZONE_PATTERN_CHANGE_RISK,in_zone_risk_watch
senior-monthly-score-table/v1,cust_020,driver_020,in_zone_risky_low_mileage,2026-12,12,policy_30_30_20_20_p20_a75,rolling_60_day_dbscan,23,14,1,777.31,777.31,23,0.9,261.0,3132.0,194.55,66.45,0.7454,0.2546,0.0023,0.0918,0.0898,-0.0019,6.4785,6.5134,0.0349,17,0.1205,6.6821,0.0,6.0196,73.9,58.46,66.89,15.44,70.0,annual_decision_evidence_not_monthly_discount,10,0,2,2,existing_living_zone,FAVORABLE_WITHHELD_FOR_RISK|IN_ZONE_RISK_EVENTS|OUT_ZONE_PATTERN_CHANGE_RISK|OUT_ZONE_SAFE_DRIVING,in_zone_risk_watch
senior-monthly-score-table/v1,cust_021,driver_021,medical_visit_pattern,2026-01,1,policy_30_30_20_20_p20_a75,pre_policy_60_day_dbscan,35,16,2,763.02,763.02,35,0.9,464.8,5577.6,407.2,57.6,0.8761,0.1239,-0.1811,0.0575,0.0,-0.0575,1.1774,1.2909,0.1135,6,0.0,1.4735,0.0,0.0,53.52,91.16,100.0,6.19,82.17,annual_decision_evidence_not_monthly_discount,14,0,2,0,existing_living_zone,NO_STRONG_RISK_CHANGE|OUT_ZONE_SAFE_DRIVING|OUT_ZONE_STABLE_PATTERN|REPEATED_MEDICAL_DESTINATION,medical_context_repeat
senior-monthly-score-table/v1,cust_021,driver_021,medical_visit_pattern,2026-02,2,policy_30_30_20_20_p20_a75,rolling_60_day_dbscan,32,15,2,763.47,763.47,32,0.9,435.01,5220.12,342.11,92.9,0.7864,0.2136,-0.1714,0.0298,0.0,-0.0298,1.1503,1.1494,-0.0009,5,0.0,1.1692,0.0,1.0764,56.5,92.98,94.08,5.0,82.66,annual_decision_evidence_not_monthly_discount,12,0,2,1,existing_living_zone,OUT_ZONE_PATTERN_CHANGE_RISK|OUT_ZONE_SAFE_DRIVING|OUT_ZONE_STABLE_PATTERN|REPEATED_MEDICAL_DESTINATION,medical_context_repeat
senior-monthly-score-table/v1,cust_021,driver_021,medical_visit_pattern,2026-03,3,policy_30_30_20_20_p20_a75,rolling_60_day_dbscan,31,19,2,814.57,814.57,31,0.9,547.27,6567.24,386.9,160.37,0.707,0.293,0.0907,0.0,0.0393,0.0393,1.2225,1.2791,0.0566,7,0.0556,1.8093,0.0,0.0,45.27,88.48,100.0,20.32,76.06,annual_decision_evidence_not_monthly_discount,14,0,5,0,existing_living_zone,OUT_ZONE_SAFE_DRIVING|OUT_ZONE_STABLE_PATTERN|REPEATED_MEDICAL_DESTINATION,medical_context_repeat
senior-monthly-score-table/v1,cust_021,driver_021,medical_visit_pattern,2026-04,4,policy_30_30_20_20_p20_a75,rolling_60_day_dbscan,34,18,3,650.17,650.17,34,0.9,494.6,5935.2,310.33,184.27,0.6274,0.3726,0.1068,0.0219,0.0659,0.044,1.2216,1.2131,-0.0085,6,0.0,1.289,0.1769,1.0854,50.54,92.27,90.92,21.86,76.66,annual_decision_evidence_not_monthly_discount,11,0,4,3,existing_living_zone,OUT_ZONE_PATTERN_CHANGE_RISK|OUT_ZONE_SAFE_DRIVING|OUT_ZONE_STABLE_PATTERN|REPEATED_MEDICAL_DESTINATION,medical_context_repeat
senior-monthly-score-table/v1,cust_021,driver_021,medical_visit_pattern,2026-05,5,policy_30_30_20_20_p20_a75,rolling_60_day_dbscan,36,18,2,785.91,785.91,36,0.9,518.43,6221.16,408.12,110.31,0.7872,0.2128,-0.0651,0.0536,0.0611,0.0075,1.2886,1.1573,-0.1312,6,0.0776,0.9801,0.0,1.8131,48.16,93.19,90.03,5.75,79.26,annual_decision_evidence_not_monthly_discount,14,0,2,2,existing_living_zone,OUT_ZONE_PATTERN_CHANGE_RISK|OUT_ZONE_SAFE_DRIVING|OUT_ZONE_STABLE_PATTERN|REPEATED_MEDICAL_DESTINATION,medical_context_repeat
senior-monthly-score-table/v1,cust_021,driver_021,medical_visit_pattern,2026-06,6,policy_30_30_20_20_p20_a75,rolling_60_day_dbscan,35,19,2,836.74,836.74,35,0.9,547.27,6567.24,422.34,124.93,0.7717,0.2283,0.0273,0.0654,0.0562,-0.0092,1.2216,1.2791,0.0575,7,0.0728,1.1839,0.0,1.6009,45.27,92.02,91.2,9.0,77.63,annual_decision_evidence_not_monthly_discount,15,0,2,2,existing_living_zone,OUT_ZONE_PATTERN_CHANGE_RISK|OUT_ZONE_SAFE_DRIVING|OUT_ZONE_STABLE_PATTERN|REPEATED_MEDICAL_DESTINATION,medical_context_repeat
senior-monthly-score-table/v1,cust_021,driver_021,medical_visit_pattern,2026-07,7,policy_30_30_20_20_p20_a75,rolling_60_day_dbscan,36,17,2,863.08,863.08,36,0.9,500.56,6006.72,433.62,66.94,0.8663,0.1337,0.0231,0.0603,0.049,-0.0113,1.2552,1.1987,-0.0565,6,0.0565,1.1531,0.0,1.4939,49.94,92.4,91.78,7.99,79.46,annual_decision_evidence_not_monthly_discount,15,0,1,1,existing_living_zone,OUT_ZONE_PATTERN_CHANGE_RISK|OUT_ZONE_SAFE_DRIVING|OUT_ZONE_STABLE_PATTERN|REPEATED_MEDICAL_DESTINATION,medical_context_repeat
senior-monthly-score-table/v1,cust_021,driver_021,medical_visit_pattern,2026-08,8,policy_30_30_20_20_p20_a75,rolling_60_day_dbscan,35,18,2,824.21,824.21,35,0.9,524.4,6292.8,460.48,63.92,0.8781,0.1219,-0.0345,0.0539,0.0576,0.0036,1.2686,1.1442,-0.1244,6,0.0,0.8687,0.4722,3.1289,47.56,94.79,75.71,5.36,76.77,annual_decision_evidence_not_monthly_discount,16,0,1,1,existing_living_zone,OUT_ZONE_PATTERN_CHANGE_RISK|OUT_ZONE_SAFE_DRIVING|OUT_ZONE_STABLE_PATTERN|REPEATED_MEDICAL_DESTINATION,medical_context_repeat
senior-monthly-score-table/v1,cust_021,driver_021,medical_visit_pattern,2026-09,9,policy_30_30_20_20_p20_a75,rolling_60_day_dbscan,33,21,2,809.17,809.17,33,0.9,573.97,6887.64,462.42,111.55,0.8057,0.1943,0.0062,0.0564,0.0524,-0.004,1.2366,1.2196,-0.017,7,0.065,1.2975,0.0,0.8965,42.6,91.44,95.07,5.72,78.08,annual_decision_evidence_not_monthly_discount,17,0,3,1,existing_living_zone,OUT_ZONE_PATTERN_CHANGE_RISK|OUT_ZONE_SAFE_DRIVING|OUT_ZONE_STABLE_PATTERN|REPEATED_MEDICAL_DESTINATION,medical_context_repeat
senior-monthly-score-table/v1,cust_021,driver_021,medical_visit_pattern,2026-10,10,policy_30_30_20_20_p20_a75,rolling_60_day_dbscan,38,17,2,799.94,799.94,38,0.9,518.43,6221.16,374.88,143.55,0.7231,0.2769,0.0361,0.0561,0.0549,-0.0012,1.2098,1.1573,-0.0525,6,0.0759,1.067,0.0,1.3932,48.16,92.69,92.34,9.51,78.82,annual_decision_evidence_not_monthly_discount,12,0,3,2,existing_living_zone,OUT_ZONE_PATTERN_CHANGE_RISK|OUT_ZONE_SAFE_DRIVING|OUT_ZONE_STABLE_PATTERN|REPEATED_MEDICAL_DESTINATION,medical_context_repeat
senior-monthly-score-table/v1,cust_021,driver_021,medical_visit_pattern,2026-11,11,policy_30_30_20_20_p20_a75,rolling_60_day_dbscan,37,18,2,735.63,735.63,37,0.9,494.6,5935.2,342.7,151.9,0.6929,0.3071,-0.0316,0.0546,0.0687,0.0141,1.1201,1.2131,0.093,6,0.0,1.1672,0.2238,1.3167,50.54,93.0,89.4,6.88,79.57,annual_decision_evidence_not_monthly_discount,13,0,3,2,existing_living_zone,OUT_ZONE_PATTERN_CHANGE_RISK|OUT_ZONE_SAFE_DRIVING|OUT_ZONE_STABLE_PATTERN|REPEATED_MEDICAL_DESTINATION,medical_context_repeat
senior-monthly-score-table/v1,cust_021,driver_021,medical_visit_pattern,2026-12,12,policy_30_30_20_20_p20_a75,rolling_60_day_dbscan,34,19,2,788.21,788.21,34,0.9,580.66,6967.92,458.76,121.9,0.7901,0.2099,-0.0643,0.0632,0.0633,0.0001,1.2138,1.2055,-0.0082,7,0.0801,1.0899,0.0,1.6407,41.93,92.5,90.98,5.54,77.42,annual_decision_evidence_not_monthly_discount,15,0,2,2,existing_living_zone,OUT_ZONE_PATTERN_CHANGE_RISK|OUT_ZONE_SAFE_DRIVING|OUT_ZONE_STABLE_PATTERN|REPEATED_MEDICAL_DESTINATION,medical_context_repeat
senior-monthly-score-table/v1,cust_022,driver_022,medical_visit_pattern,2026-01,1,policy_30_30_20_20_p20_a75,pre_policy_60_day_dbscan,32,14,2,636.59,636.59,32,0.9,427.32,5127.84,369.95,57.37,0.8657,0.1343,-0.1259,0.0,0.0,0.0,1.174,1.1701,-0.0039,5,0.0,1.0812,0.0,1.7431,57.27,93.51,90.41,5.36,82.24,annual_decision_evidence_not_monthly_discount,12,0,1,1,existing_living_zone,OUT_ZONE_PATTERN_CHANGE_RISK|OUT_ZONE_SAFE_DRIVING|OUT_ZONE_STABLE_PATTERN|REPEATED_MEDICAL_DESTINATION,medical_context_repeat
senior-monthly-score-table/v1,cust_022,driver_022,medical_visit_pattern,2026-02,2,policy_30_30_20_20_p20_a75,rolling_60_day_dbscan,28,14,2,593.5,593.5,28,0.9,399.93,4799.16,296.53,103.4,0.7415,0.2585,-0.0005,0.0,0.0,0.0,1.1806,1.2502,0.0696,5,0.0,1.3489,0.0,0.9671,60.01,91.91,94.68,5.71,83.37,annual_decision_evidence_not_monthly_discount,10,0,3,1,existing_living_zone,OUT_ZONE_PATTERN_CHANGE_RISK|OUT_ZONE_SAFE_DRIVING|OUT_ZONE_STABLE_PATTERN|REPEATED_MEDICAL_DESTINATION,medical_context_repeat
senior-monthly-score-table/v1,cust_022,driver_022,medical_visit_pattern,2026-03,3,policy_30_30_20_20_p20_a75,rolling_60_day_dbscan,28,17,2,612.76,612.76,28,0.9,503.14,6037.68,314.87,188.27,0.6258,0.3742,0.136,0.0,0.044,0.044,1.2088,1.1925,-0.0163,6,0.0703,0.3176,0.0,2.6558,49.69,97.25,84.91,25.56,75.95,annual_decision_evidence_not_monthly_discount,11,0,1,5,existing_living_zone,OUT_ZONE_PATTERN_CHANGE_RISK|OUT_ZONE_RATIO_INCREASE|OUT_ZONE_SAFE_DRIVING|OUT_ZONE_STABLE_PATTERN|REPEATED_MEDICAL_DESTINATION,medical_context_repeat
senior-monthly-score-table/v1,cust_022,driver_022,medical_visit_pattern,2026-04,4,policy_30_30_20_20_p20_a75,rolling_60_day_dbscan,31,15,3,530.16,530.16,31,0.9,454.71,5456.52,342.48,112.23,0.7532,0.2468,0.0055,0.0245,0.0,-0.0245,1.2181,1.0996,-0.1185,5,0.0,1.168,0.0,0.891,54.53,92.99,95.1,5.64,82.15,annual_decision_evidence_not_monthly_discount,11,0,3,1,existing_living_zone,OUT_ZONE_PATTERN_CHANGE_RISK|OUT_ZONE_SAFE_DRIVING|OUT_ZONE_STABLE_PATTERN|REPEATED_MEDICAL_DESTINATION,medical_context_repeat
senior-monthly-score-table/v1,cust_022,driver_022,medical_visit_pattern,2026-05,5,policy_30_30_20_20_p20_a75,rolling_60_day_dbscan,32,15,2,519.2,519.2,32,0.9,476.62,5719.44,241.18,235.44,0.506,0.494,0.1129,0.0231,0.0,-0.0231,1.1484,1.2589,0.1105,6,0.0,1.6585,0.0,0.8495,52.34,90.05,92.45,19.72,77.26,annual_decision_evidence_not_monthly_discount,8,0,5,2,existing_living_zone,OUT_ZONE_PATTERN_CHANGE_RISK|OUT_ZONE_SAFE_DRIVING|OUT_ZONE_STABLE_PATTERN|REPEATED_MEDICAL_DESTINATION,medical_context_repeat
senior-monthly-score-table/v1,cust_022,driver_022,medical_visit_pattern,2026-06,6,policy_30_30_20_20_p20_a75,rolling_60_day_dbscan,29,16,2,668.73,668.73,29,0.9,503.14,6037.68,422.47,80.67,0.8397,0.1603,-0.0536,0.0,0.0,0.0,1.2177,1.1925,-0.0252,6,0.0,0.9468,0.0,2.4792,49.69,94.32,86.36,5.62,79.35,annual_decision_evidence_not_monthly_discount,13,0,2,1,existing_living_zone,OUT_ZONE_PATTERN_CHANGE_RISK|OUT_ZONE_SAFE_DRIVING|OUT_ZONE_STABLE_PATTERN|REPEATED_MEDICAL_DESTINATION,medical_context_repeat
senior-monthly-score-table/v1,cust_022,driver_022,medical_visit_pattern,2026-07,7,policy_30_30_20_20_p20_a75,rolling_60_day_dbscan,30,16,2,651.81,651.81,30,0.9,460.19,5522.28,370.09,90.1,0.8042,0.1958,0.0119,0.0,0.0,0.0,1.1592,1.3038,0.1446,6,0.0,1.6212,0.0,0.0,53.98,90.27,100.0,7.74,81.73,annual_decision_evidence_not_monthly_discount,13,0,3,0,existing_living_zone,NO_STRONG_RISK_CHANGE|OUT_ZONE_SAFE_DRIVING|OUT_ZONE_STABLE_PATTERN|REPEATED_MEDICAL_DESTINATION,medical_context_repeat
senior-monthly-score-table/v1,cust_022,driver_022,medical_visit_pattern,2026-08,8,policy_30_30_20_20_p20_a75,rolling_60_day_dbscan,30,17,2,688.25,688.25,30,0.9,482.11,5785.32,450.7,31.41,0.9348,0.0652,-0.0965,0.0,0.0628,0.0628,1.2254,1.2445,0.0192,6,0.0672,1.3313,0.0,0.0,51.79,91.21,100.0,11.67,80.57,annual_decision_evidence_not_monthly_discount,16,0,1,0,existing_living_zone,NO_STRONG_RISK_CHANGE|OUT_ZONE_SAFE_DRIVING|OUT_ZONE_STABLE_PATTERN|REPEATED_MEDICAL_DESTINATION,medical_context_repeat
senior-monthly-score-table/v1,cust_022,driver_022,medical_visit_pattern,2026-09,9,policy_30_30_20_20_p20_a75,rolling_60_day_dbscan,32,17,2,675.99,675.99,32,0.9,527.68,6332.16,347.62,180.06,0.6588,0.3412,0.171,0.0334,0.0639,0.0306,1.3208,1.1371,-0.1838,6,0.097,0.863,0.0,1.6661,47.23,93.66,90.84,28.3,74.78,annual_decision_evidence_not_monthly_discount,11,1,3,2,existing_living_zone,CANDIDATE_LIVING_ZONE|OUT_ZONE_PATTERN_CHANGE_RISK|OUT_ZONE_RATIO_INCREASE|OUT_ZONE_SAFE_DRIVING|OUT_ZONE_STABLE_PATTERN|REPEATED_MEDICAL_DESTINATION,medical_context_repeat
senior-monthly-score-table/v1,cust_022,driver_022,medical_visit_pattern,2026-10,10,policy_30_30_20_20_p20_a75,rolling_60_day_dbscan,33,15,2,667.28,667.28,33,0.9,476.62,5719.44,374.77,101.85,0.7863,0.2137,-0.0124,0.0655,0.0,-0.0655,1.2283,1.2589,0.0306,6,0.0,1.601,0.0,0.0,52.34,90.39,100.0,6.15,81.59,annual_decision_evidence_not_monthly_discount,12,0,3,0,existing_living_zone,NO_STRONG_RISK_CHANGE|OUT_ZONE_SAFE_DRIVING|OUT_ZONE_STABLE_PATTERN|REPEATED_MEDICAL_DESTINATION,medical_context_repeat
senior-monthly-score-table/v1,cust_022,driver_022,medical_visit_pattern,2026-11,11,policy_30_30_20_20_p20_a75,rolling_60_day_dbscan,31,17,2,679.0,679.0,31,0.9,454.71,5456.52,346.41,108.3,0.7618,0.2382,0.0401,0.0346,0.0448,0.0102,1.2297,1.0996,-0.1301,5,0.0587,1.4434,0.0,0.0,54.53,90.64,100.0,10.11,81.53,annual_decision_evidence_not_monthly_discount,13,0,4,0,existing_living_zone,NO_STRONG_RISK_CHANGE|OUT_ZONE_SAFE_DRIVING|OUT_ZONE_STABLE_PATTERN|REPEATED_MEDICAL_DESTINATION,medical_context_repeat
senior-monthly-score-table/v1,cust_022,driver_022,medical_visit_pattern,2026-12,12,policy_30_30_20_20_p20_a75,rolling_60_day_dbscan,31,18,2,687.49,687.49,31,0.9,533.83,6405.96,430.11,103.72,0.8057,0.1943,-0.0007,0.0227,0.0525,0.0297,1.2279,1.124,-0.104,6,0.0,1.1625,0.27,0.9641,46.62,93.03,90.65,7.97,78.43,annual_decision_evidence_not_monthly_discount,14,0,2,2,existing_living_zone,OUT_ZONE_PATTERN_CHANGE_RISK|OUT_ZONE_SAFE_DRIVING|OUT_ZONE_STABLE_PATTERN|REPEATED_MEDICAL_DESTINATION,medical_context_repeat
senior-monthly-score-table/v1,cust_023,driver_023,medical_visit_pattern,2026-01,1,policy_30_30_20_20_p20_a75,pre_policy_60_day_dbscan,39,18,3,624.31,624.31,39,0.9,517.28,6207.36,454.3,62.98,0.8782,0.1218,-0.0482,0.0506,0.0538,0.0032,1.2343,1.1599,-0.0744,6,0.0613,1.3207,0.0,0.0,48.27,91.34,100.0,5.32,80.82,annual_decision_evidence_not_monthly_discount,16,0,2,0,existing_living_zone,NO_STRONG_RISK_CHANGE|OUT_ZONE_SAFE_DRIVING|OUT_ZONE_STABLE_PATTERN|REPEATED_MEDICAL_DESTINATION,medical_context_repeat
senior-monthly-score-table/v1,cust_023,driver_023,medical_visit_pattern,2026-02,2,policy_30_30_20_20_p20_a75,rolling_60_day_dbscan,36,16,3,536.87,536.87,36,0.9,484.12,5809.44,448.17,35.95,0.9257,0.0743,-0.2109,0.0579,0.0,-0.0579,1.1393,1.2394,0.1001,6,0.0,1.3388,0.0,0.0,51.59,91.97,100.0,6.13,81.84,annual_decision_evidence_not_monthly_discount,15,0,1,0,existing_living_zone,NO_STRONG_RISK_CHANGE|OUT_ZONE_SAFE_DRIVING|OUT_ZONE_STABLE_PATTERN|REPEATED_MEDICAL_DESTINATION,medical_context_repeat
senior-monthly-score-table/v1,cust_023,driver_023,medical_visit_pattern,2026-03,3,policy_30_30_20_20_p20_a75,rolling_60_day_dbscan,35,20,2,439.71,500.0,35,0.9,609.06,7308.72,338.58,270.48,0.5559,0.4441,0.2346,0.0269,0.0536,0.0267,1.3536,1.1493,-0.2043,7,0.0,1.4768,0.1207,0.7394,39.09,91.14,92.24,35.29,70.46,annual_decision_evidence_not_monthly_discount,11,0,7,2,existing_living_zone,OUT_ZONE_PATTERN_CHANGE_RISK|OUT_ZONE_RATIO_INCREASE|OUT_ZONE_SAFE_DRIVING|OUT_ZONE_STABLE_PATTERN|REPEATED_MEDICAL_DESTINATION,medical_context_repeat
senior-monthly-score-table/v1,cust_023,driver_023,medical_visit_pattern,2026-04,4,policy_30_30_20_20_p20_a75,rolling_60_day_dbscan,37,18,2,436.04,500.0,37,0.9,550.44,6605.28,346.93,203.51,0.6303,0.3697,0.1024,0.0293,0.0533,0.024,1.1658,1.2717,0.1059,7,0.0,0.5765,0.1441,2.4569,44.96,96.54,83.93,20.71,75.09,annual_decision_evidence_not_monthly_discount,11,0,2,5,existing_living_zone,OUT_ZONE_PATTERN_CHANGE_RISK|OUT_ZONE_SAFE_DRIVING|OUT_ZONE_STABLE_PATTERN|REPEATED_MEDICAL_DESTINATION,medical_context_repeat
senior-monthly-score-table/v1,cust_023,driver_023,medical_visit_pattern,2026-05,5,policy_30_30_20_20_p20_a75,rolling_60_day_dbscan,37,20,2,628.02,628.02,37,0.9,576.96,6923.52,435.7,141.26,0.7552,0.2448,0.0221,0.0552,0.0564,0.0012,1.2475,1.2133,-0.0342,7,0.0747,1.3771,0.0,0.7079,42.3,90.84,96.11,7.95,77.57,annual_decision_evidence_not_monthly_discount,15,0,4,1,existing_living_zone,OUT_ZONE_PATTERN_CHANGE_RISK|OUT_ZONE_SAFE_DRIVING|OUT_ZONE_STABLE_PATTERN|REPEATED_MEDICAL_DESTINATION,medical_context_repeat
senior-monthly-score-table/v1,cust_023,driver_023,medical_visit_pattern,2026-06,6,policy_30_30_20_20_p20_a75,rolling_60_day_dbscan,38,21,2,640.01,640.01,38,0.9,609.06,7308.72,504.68,104.38,0.8286,0.1714,-0.1126,0.0549,0.0565,0.0017,1.2418,1.1493,-0.0925,7,0.0682,1.1889,0.0,0.958,39.09,92.05,94.73,5.17,77.25,annual_decision_evidence_not_monthly_discount,17,0,3,1,existing_living_zone,OUT_ZONE_PATTERN_CHANGE_RISK|OUT_ZONE_SAFE_DRIVING|OUT_ZONE_STABLE_PATTERN|REPEATED_MEDICAL_DESTINATION,medical_context_repeat
senior-monthly-score-table/v1,cust_023,driver_023,medical_visit_pattern,2026-07,7,policy_30_30_20_20_p20_a75,rolling_60_day_dbscan,39,20,2,624.76,624.76,39,0.9,557.07,6684.84,531.96,25.11,0.9549,0.0451,-0.1747,0.0599,0.0488,-0.0111,1.0737,1.2566,0.1829,7,0.0511,1.3159,0.0,0.0,44.29,91.49,100.0,6.16,79.5,annual_decision_evidence_not_monthly_discount,19,0,1,0,existing_living_zone,NO_STRONG_RISK_CHANGE|OUT_ZONE_SAFE_DRIVING|OUT_ZONE_STABLE_PATTERN|REPEATED_MEDICAL_DESTINATION,medical_context_repeat
senior-monthly-score-table/v1,cust_023,driver_023,medical_visit_pattern,2026-08,8,policy_30_30_20_20_p20_a75,rolling_60_day_dbscan,40,21,2,633.24,633.24,40,0.9,583.6,7003.2,398.23,185.37,0.6824,0.3176,0.1627,0.054,0.0504,-0.0037,1.2278,1.1995,-0.0283,7,0.0738,0.7533,0.0,2.1578,41.64,94.59,88.13,23.98,73.7,annual_decision_evidence_not_monthly_discount,14,0,5,2,existing_living_zone,OUT_ZONE_PATTERN_CHANGE_RISK|OUT_ZONE_RATIO_INCREASE|OUT_ZONE_SAFE_DRIVING|OUT_ZONE_STABLE_PATTERN|REPEATED_MEDICAL_DESTINATION,medical_context_repeat
senior-monthly-score-table/v1,cust_023,driver_023,medical_visit_pattern,2026-09,9,policy_30_30_20_20_p20_a75,rolling_60_day_dbscan,39,23,2,641.88,641.88,39,0.9,638.77,7665.24,490.61,148.16,0.7681,0.2319,0.0605,0.0272,0.0528,0.0256,1.2949,1.2524,-0.0425,8,0.0687,1.6306,0.0,0.0,36.12,89.39,100.0,14.84,74.69,annual_decision_evidence_not_monthly_discount,17,0,6,0,existing_living_zone,NO_STRONG_RISK_CHANGE|OUT_ZONE_SAFE_DRIVING|OUT_ZONE_STABLE_PATTERN|REPEATED_MEDICAL_DESTINATION,medical_context_repeat
senior-monthly-score-table/v1,cust_023,driver_023,medical_visit_pattern,2026-10,10,policy_30_30_20_20_p20_a75,rolling_60_day_dbscan,43,20,2,602.24,602.24,43,0.9,576.96,6923.52,428.53,148.43,0.7427,0.2573,-0.0205,0.0526,0.0607,0.0082,1.1661,1.2133,0.0472,7,0.0817,1.1668,0.0,1.3474,42.3,92.02,92.59,6.31,77.55,annual_decision_evidence_not_monthly_discount,15,0,3,2,existing_living_zone,OUT_ZONE_PATTERN_CHANGE_RISK|OUT_ZONE_SAFE_DRIVING|OUT_ZONE_STABLE_PATTERN|REPEATED_MEDICAL_DESTINATION,medical_context_repeat
senior-monthly-score-table/v1,cust_023,driver_023,medical_visit_pattern,2026-11,11,policy_30_30_20_20_p20_a75,rolling_60_day_dbscan,42,18,2,437.57,500.0,42,0.9,550.44,6605.28,351.76,198.68,0.6391,0.3609,0.1116,0.0576,0.0485,-0.009,1.2559,1.2717,0.0158,7,0.0,1.7057,0.1344,0.5033,44.96,89.77,95.0,18.93,75.63,annual_decision_evidence_not_monthly_discount,12,0,4,2,existing_living_zone,OUT_ZONE_PATTERN_CHANGE_RISK|OUT_ZONE_SAFE_DRIVING|OUT_ZONE_STABLE_PATTERN|REPEATED_MEDICAL_DESTINATION,medical_context_repeat
senior-monthly-score-table/v1,cust_023,driver_023,medical_visit_pattern,2026-12,12,policy_30_30_20_20_p20_a75,rolling_60_day_dbscan,37,23,3,450.15,500.0,37,0.9,646.24,7754.88,414.65,231.59,0.6416,0.3584,0.1276,0.0559,0.0467,-0.0091,1.2668,1.2379,-0.0289,8,0.0,1.2058,0.1304,1.2954,35.38,92.77,90.75,20.1,72.58,annual_decision_evidence_not_monthly_discount,15,0,4,4,existing_living_zone,OUT_ZONE_PATTERN_CHANGE_RISK|OUT_ZONE_RATIO_INCREASE|OUT_ZONE_SAFE_DRIVING|OUT_ZONE_STABLE_PATTERN|REPEATED_MEDICAL_DESTINATION,medical_context_repeat
senior-monthly-score-table/v1,cust_024,driver_024,medical_visit_pattern,2026-01,1,policy_30_30_20_20_p20_a75,pre_policy_60_day_dbscan,26,13,2,587.03,587.03,26,0.9,359.85,4318.2,334.96,24.89,0.9308,0.0692,-0.1074,0.0,0.0,0.0,1.2674,1.1116,-0.1558,4,0.0,1.1942,0.0,0.0,64.02,92.83,100.0,4.62,86.13,annual_decision_evidence_not_monthly_discount,12,0,1,0,existing_living_zone,NO_STRONG_RISK_CHANGE|OUT_ZONE_SAFE_DRIVING|OUT_ZONE_STABLE_PATTERN|REPEATED_MEDICAL_DESTINATION,medical_context_repeat
senior-monthly-score-table/v1,cust_024,driver_024,medical_visit_pattern,2026-02,2,policy_30_30_20_20_p20_a75,rolling_60_day_dbscan,25,12,2,651.17,651.17,25,0.9,336.78,4041.36,305.24,31.54,0.9063,0.0937,-0.0603,0.0,0.0,0.0,1.0776,1.1877,0.1101,4,0.0,0.6552,0.0,6.3412,66.32,96.07,65.12,5.55,80.63,annual_decision_evidence_not_monthly_discount,11,0,0,1,existing_living_zone,OUT_ZONE_PATTERN_CHANGE_RISK|OUT_ZONE_STABLE_PATTERN|REPEATED_MEDICAL_DESTINATION,medical_context_repeat
senior-monthly-score-table/v1,cust_024,driver_024,medical_visit_pattern,2026-03,3,policy_30_30_20_20_p20_a75,rolling_60_day_dbscan,25,16,2,190.56,500.0,25,0.9,423.7,5084.4,226.94,196.76,0.5356,0.4644,0.151,0.0,0.0,0.0,1.1484,1.1801,0.0317,5,0.0,2.2032,0.0,0.0,57.63,86.78,97.71,22.46,78.37,annual_decision_evidence_not_monthly_discount,9,0,7,0,existing_living_zone,OUT_ZONE_RATIO_INCREASE|OUT_ZONE_SAFE_DRIVING|OUT_ZONE_STABLE_PATTERN|REPEATED_MEDICAL_DESTINATION,medical_context_repeat
senior-monthly-score-table/v1,cust_024,driver_024,medical_visit_pattern,2026-04,4,policy_30_30_20_20_p20_a75,rolling_60_day_dbscan,28,13,2,521.97,521.97,28,0.9,382.92,4595.04,295.94,86.98,0.7729,0.2271,-0.0433,0.0,0.0,0.0,1.1835,1.3058,0.1223,5,0.0,1.0137,0.0,2.2994,61.71,93.92,87.35,6.38,82.88,annual_decision_evidence_not_monthly_discount,10,0,1,2,existing_living_zone,OUT_ZONE_PATTERN_CHANGE_RISK|OUT_ZONE_SAFE_DRIVING|OUT_ZONE_STABLE_PATTERN|REPEATED_MEDICAL_DESTINATION,medical_context_repeat
senior-monthly-score-table/v1,cust_024,driver_024,medical_visit_pattern,2026-05,5,policy_30_30_20_20_p20_a75,rolling_60_day_dbscan,28,13,2,666.47,666.47,28,0.9,401.37,4816.44,367.55,33.82,0.9157,0.0843,-0.1296,0.0,0.0,0.0,1.1454,1.2457,0.1003,5,0.0,1.3604,0.0,0.0,59.86,91.84,100.0,6.27,84.26,annual_decision_evidence_not_monthly_discount,12,0,1,0,existing_living_zone,NO_STRONG_RISK_CHANGE|OUT_ZONE_SAFE_DRIVING|OUT_ZONE_STABLE_PATTERN|REPEATED_MEDICAL_DESTINATION,medical_context_repeat
senior-monthly-score-table/v1,cust_024,driver_024,medical_visit_pattern,2026-06,6,policy_30_30_20_20_p20_a75,rolling_60_day_dbscan,25,15,2,607.12,607.12,25,0.9,423.7,5084.4,251.89,171.81,0.5945,0.4055,0.2445,0.0,0.0,0.0,1.3332,1.1801,-0.1531,5,0.0,1.191,0.0,1.1641,57.63,92.85,92.49,33.53,76.94,annual_decision_evidence_not_monthly_discount,9,0,4,2,existing_living_zone,OUT_ZONE_PATTERN_CHANGE_RISK|OUT_ZONE_RATIO_INCREASE|OUT_ZONE_SAFE_DRIVING|OUT_ZONE_STABLE_PATTERN|REPEATED_MEDICAL_DESTINATION,medical_context_repeat
senior-monthly-score-table/v1,cust_024,driver_024,medical_visit_pattern,2026-07,7,policy_30_30_20_20_p20_a75,rolling_60_day_dbscan,27,12,2,473.31,500.0,27,0.9,387.53,4650.36,293.7,93.83,0.7579,0.2421,-0.0159,0.0,0.0,0.0,1.2546,1.2902,0.0357,5,0.0,1.3619,0.0,1.0658,61.25,91.83,94.14,6.43,83.47,annual_decision_evidence_not_monthly_discount,9,0,2,1,existing_living_zone,OUT_ZONE_PATTERN_CHANGE_RISK|OUT_ZONE_SAFE_DRIVING|OUT_ZONE_STABLE_PATTERN|REPEATED_MEDICAL_DESTINATION,medical_context_repeat
senior-monthly-score-table/v1,cust_024,driver_024,medical_visit_pattern,2026-08,8,policy_30_30_20_20_p20_a75,rolling_60_day_dbscan,27,13,3,487.42,500.0,27,0.9,405.98,4871.76,312.58,93.4,0.7699,0.2301,-0.0114,0.0,0.0,0.0,1.2327,1.2316,-0.0011,5,0.0,1.2797,0.0,1.0707,59.4,92.32,94.11,5.77,83.18,annual_decision_evidence_not_monthly_discount,10,0,2,1,existing_living_zone,OUT_ZONE_PATTERN_CHANGE_RISK|OUT_ZONE_SAFE_DRIVING|OUT_ZONE_STABLE_PATTERN|REPEATED_MEDICAL_DESTINATION,medical_context_repeat
senior-monthly-score-table/v1,cust_024,driver_024,medical_visit_pattern,2026-09,9,policy_30_30_20_20_p20_a75,rolling_60_day_dbscan,24,15,2,707.91,707.91,24,0.9,444.36,5332.32,365.13,79.23,0.8217,0.1783,0.051,0.0,0.0,0.0,1.3119,1.1252,-0.1867,5,0.0,1.0955,0.0,1.2621,55.56,93.43,93.06,10.95,81.12,annual_decision_evidence_not_monthly_discount,12,0,2,1,existing_living_zone,OUT_ZONE_PATTERN_CHANGE_RISK|OUT_ZONE_SAFE_DRIVING|OUT_ZONE_STABLE_PATTERN|REPEATED_MEDICAL_DESTINATION,medical_context_repeat
senior-monthly-score-table/v1,cust_024,driver_024,medical_visit_pattern,2026-10,10,policy_30_30_20_20_p20_a75,rolling_60_day_dbscan,28,14,2,549.8,549.8,28,0.9,401.37,4816.44,202.37,199.0,0.5042,0.4958,0.2549,0.0,0.0,0.0,1.176,1.2457,0.0697,5,0.0,1.4824,0.0,1.005,59.86,91.11,91.56,35.44,76.52,annual_decision_evidence_not_monthly_discount,7,0,5,2,existing_living_zone,OUT_ZONE_PATTERN_CHANGE_RISK|OUT_ZONE_RATIO_INCREASE|OUT_ZONE_SAFE_DRIVING|OUT_ZONE_STABLE_PATTERN|REPEATED_MEDICAL_DESTINATION,medical_context_repeat
senior-monthly-score-table/v1,cust_024,driver_024,medical_visit_pattern,2026-11,11,policy_30_30_20_20_p20_a75,rolling_60_day_dbscan,28,13,2,689.34,689.34,28,0.9,382.92,4595.04,355.74,27.18,0.929,0.071,-0.0658,0.0,0.0,0.0,1.2185,1.3058,0.0872,5,0.0,1.4055,0.0,0.0,61.71,91.57,100.0,6.21,84.74,annual_decision_evidence_not_monthly_discount,12,0,1,0,existing_living_zone,NO_STRONG_RISK_CHANGE|OUT_ZONE_SAFE_DRIVING|OUT_ZONE_STABLE_PATTERN|REPEATED_MEDICAL_DESTINATION,medical_context_repeat
senior-monthly-score-table/v1,cust_024,driver_024,medical_visit_pattern,2026-12,12,policy_30_30_20_20_p20_a75,rolling_60_day_dbscan,26,17,2,717.16,717.16,26,0.9,449.52,5394.24,399.35,50.17,0.8884,0.1116,-0.0439,0.0,0.0635,0.0635,1.2005,1.1123,-0.0882,5,0.0715,1.252,0.0,0.0,55.05,91.63,100.0,10.76,81.85,annual_decision_evidence_not_monthly_discount,15,0,2,0,existing_living_zone,NO_STRONG_RISK_CHANGE|OUT_ZONE_SAFE_DRIVING|OUT_ZONE_STABLE_PATTERN|REPEATED_MEDICAL_DESTINATION,medical_context_repeat
senior-monthly-score-table/v1,cust_025,driver_025,medical_visit_pattern,2026-01,1,policy_30_30_20_20_p20_a75,pre_policy_60_day_dbscan,36,17,3,776.4,776.4,36,0.9,487.29,5847.48,360.98,126.31,0.7408,0.2592,0.0267,0.0502,0.0645,0.0143,1.2167,1.2313,0.0146,6,0.0,1.6621,0.2488,0.0,51.27,90.03,96.27,9.91,79.66,annual_decision_evidence_not_monthly_discount,12,0,4,1,existing_living_zone,OUT_ZONE_PATTERN_CHANGE_RISK|OUT_ZONE_SAFE_DRIVING|OUT_ZONE_STABLE_PATTERN|REPEATED_MEDICAL_DESTINATION,medical_context_repeat
senior-monthly-score-table/v1,cust_025,driver_025,medical_visit_pattern,2026-02,2,policy_30_30_20_20_p20_a75,rolling_60_day_dbscan,33,16,2,770.53,770.53,33,0.9,456.06,5472.72,374.07,81.99,0.8202,0.1798,-0.0534,0.0618,0.0,-0.0618,1.2197,1.0963,-0.1234,5,0.0,1.0693,0.0,1.2197,54.39,93.58,93.29,4.69,82.11,annual_decision_evidence_not_monthly_discount,13,0,2,1,existing_living_zone,OUT_ZONE_PATTERN_CHANGE_RISK|OUT_ZONE_SAFE_DRIVING|OUT_ZONE_STABLE_PATTERN|REPEATED_MEDICAL_DESTINATION,medical_context_repeat
senior-monthly-score-table/v1,cust_025,driver_025,medical_visit_pattern,2026-03,3,policy_30_30_20_20_p20_a75,rolling_60_day_dbscan,33,21,2,812.57,812.57,33,0.9,573.75,6885.0,410.17,163.58,0.7149,0.2851,0.1292,0.0333,0.0474,0.0141,1.1661,1.22,0.054,7,0.0663,1.219,0.0,1.2226,42.62,91.89,93.28,21.75,74.66,annual_decision_evidence_not_monthly_discount,15,0,5,1,existing_living_zone,OUT_ZONE_PATTERN_CHANGE_RISK|OUT_ZONE_RATIO_INCREASE|OUT_ZONE_SAFE_DRIVING|OUT_ZONE_STABLE_PATTERN|REPEATED_MEDICAL_DESTINATION,medical_context_repeat
senior-monthly-score-table/v1,cust_025,driver_025,medical_visit_pattern,2026-04,4,policy_30_30_20_20_p20_a75,rolling_60_day_dbscan,37,18,2,790.59,790.59,37,0.9,518.53,6222.36,392.23,126.3,0.7564,0.2436,0.0065,0.0264,0.0648,0.0383,1.1653,1.1571,-0.0081,6,0.0856,1.5297,0.0,0.0,48.15,89.79,100.0,9.59,79.46,annual_decision_evidence_not_monthly_discount,14,0,4,0,existing_living_zone,NO_STRONG_RISK_CHANGE|OUT_ZONE_SAFE_DRIVING|OUT_ZONE_STABLE_PATTERN|REPEATED_MEDICAL_DESTINATION,medical_context_repeat
senior-monthly-score-table/v1,cust_025,driver_025,medical_visit_pattern,2026-05,5,policy_30_30_20_20_p20_a75,rolling_60_day_dbscan,38,19,2,787.9,787.9,38,0.9,543.52,6522.24,481.55,61.97,0.886,0.114,-0.1588,0.0567,0.0616,0.0049,1.1191,1.2879,0.1688,7,0.0695,1.4536,0.0,0.0,45.65,90.44,100.0,6.86,79.45,annual_decision_evidence_not_monthly_discount,17,0,2,0,existing_living_zone,NO_STRONG_RISK_CHANGE|OUT_ZONE_SAFE_DRIVING|OUT_ZONE_STABLE_PATTERN|REPEATED_MEDICAL_DESTINATION,medical_context_repeat
senior-monthly-score-table/v1,cust_025,driver_025,medical_visit_pattern,2026-06,6,policy_30_30_20_20_p20_a75,rolling_60_day_dbscan,36,20,2,759.39,759.39,36,0.9,573.75,6885.0,456.44,117.31,0.7955,0.2045,-0.0442,0.0653,0.0591,-0.0062,1.2661,1.22,-0.0461,7,0.0,1.0954,0.2892,1.7049,42.62,93.43,86.29,5.25,77.02,annual_decision_evidence_not_monthly_discount,16,0,2,2,existing_living_zone,OUT_ZONE_PATTERN_CHANGE_RISK|OUT_ZONE_SAFE_DRIVING|OUT_ZONE_STABLE_PATTERN|REPEATED_MEDICAL_DESTINATION,medical_context_repeat
senior-monthly-score-table/v1,cust_025,driver_025,medical_visit_pattern,2026-07,7,policy_30_30_20_20_p20_a75,rolling_60_day_dbscan,38,18,3,628.82,628.82,38,0.9,524.78,6297.36,371.73,153.05,0.7084,0.2916,0.0971,0.0622,0.0567,-0.0056,1.2,1.1433,-0.0567,6,0.0,1.076,0.1943,1.3068,47.52,93.54,89.9,16.33,77.03,annual_decision_evidence_not_monthly_discount,13,1,1,3,existing_living_zone,CANDIDATE_LIVING_ZONE|OUT_ZONE_PATTERN_CHANGE_RISK|OUT_ZONE_SAFE_DRIVING|OUT_ZONE_STABLE_PATTERN|REPEATED_MEDICAL_DESTINATION,medical_context_repeat
senior-monthly-score-table/v1,cust_025,driver_025,medical_visit_pattern,2026-08,8,policy_30_30_20_20_p20_a75,rolling_60_day_dbscan,38,19,3,675.03,675.03,38,0.9,549.77,6597.24,334.73,215.04,0.6089,0.3911,0.1192,0.058,0.0441,-0.0138,1.1834,1.2733,0.0899,7,0.0725,1.195,0.0,1.3951,45.02,91.96,91.5,19.88,75.42,annual_decision_evidence_not_monthly_discount,12,0,5,2,existing_living_zone,OUT_ZONE_PATTERN_CHANGE_RISK|OUT_ZONE_SAFE_DRIVING|OUT_ZONE_STABLE_PATTERN|REPEATED_MEDICAL_DESTINATION,medical_context_repeat
senior-monthly-score-table/v1,cust_025,driver_025,medical_visit_pattern,2026-09,9,policy_30_30_20_20_p20_a75,rolling_60_day_dbscan,35,22,2,780.56,780.56,35,0.9,601.74,7220.88,474.96,126.78,0.7893,0.2107,-0.1052,0.0537,0.0574,0.0036,1.2939,1.1633,-0.1306,7,0.0727,0.8422,0.0,2.3663,39.83,94.07,86.99,5.13,76.54,annual_decision_evidence_not_monthly_discount,17,1,2,2,existing_living_zone,CANDIDATE_LIVING_ZONE|OUT_ZONE_PATTERN_CHANGE_RISK|OUT_ZONE_SAFE_DRIVING|OUT_ZONE_STABLE_PATTERN|REPEATED_MEDICAL_DESTINATION,medical_context_repeat
senior-monthly-score-table/v1,cust_025,driver_025,medical_visit_pattern,2026-10,10,policy_30_30_20_20_p20_a75,rolling_60_day_dbscan,39,18,2,744.36,744.36,39,0.9,543.52,6522.24,337.3,206.22,0.6206,0.3794,0.0694,0.0534,0.0632,0.0098,1.0893,1.2879,0.1986,7,0.0,1.4824,0.1665,0.9698,45.65,91.11,91.58,15.9,76.16,annual_decision_evidence_not_monthly_discount,12,0,4,2,existing_living_zone,OUT_ZONE_PATTERN_CHANGE_RISK|OUT_ZONE_SAFE_DRIVING|OUT_ZONE_STABLE_PATTERN|REPEATED_MEDICAL_DESTINATION,medical_context_repeat
senior-monthly-score-table/v1,cust_025,driver_025,medical_visit_pattern,2026-11,11,policy_30_30_20_20_p20_a75,rolling_60_day_dbscan,39,17,3,746.1,746.1,39,0.9,518.53,6222.36,310.62,207.91,0.599,0.401,0.1436,0.062,0.0707,0.0088,1.1705,1.1571,-0.0134,6,0.0,0.9658,0.1764,1.4429,48.15,94.21,88.4,22.93,75.8,annual_decision_evidence_not_monthly_discount,10,0,5,2,existing_living_zone,OUT_ZONE_PATTERN_CHANGE_RISK|OUT_ZONE_RATIO_INCREASE|OUT_ZONE_SAFE_DRIVING|OUT_ZONE_STABLE_PATTERN|REPEATED_MEDICAL_DESTINATION,medical_context_repeat
senior-monthly-score-table/v1,cust_025,driver_025,medical_visit_pattern,2026-12,12,policy_30_30_20_20_p20_a75,rolling_60_day_dbscan,35,22,3,838.22,838.22,35,0.9,608.76,7305.12,520.77,87.99,0.8555,0.1445,-0.0383,0.0669,0.0534,-0.0135,1.224,1.1499,-0.0742,7,0.0624,1.3442,0.0,0.0,39.12,91.19,100.0,4.77,78.14,annual_decision_evidence_not_monthly_discount,19,0,3,0,existing_living_zone,NO_STRONG_RISK_CHANGE|OUT_ZONE_SAFE_DRIVING|OUT_ZONE_STABLE_PATTERN|REPEATED_MEDICAL_DESTINATION,medical_context_repeat
senior-monthly-score-table/v1,cust_026,driver_026,irregular_family_support,2026-01,1,policy_30_30_20_20_p20_a75,pre_policy_60_day_dbscan,30,12,3,265.62,500.0,30,0.9,457.63,5491.56,265.59,192.04,0.5804,0.4196,0.0643,0.0635,0.0691,0.0056,1.7661,1.7481,-0.018,8,0.0,1.5061,0.1645,2.0829,54.24,90.96,84.68,18.06,76.88,annual_decision_evidence_not_monthly_discount,7,0,1,4,existing_living_zone,FAMILY_SUPPORT_CONTEXT|NO_STRONG_RISK_CHANGE|OUT_ZONE_PATTERN_CHANGE_RISK|OUT_ZONE_SAFE_DRIVING,family_support_normal
senior-monthly-score-table/v1,cust_026,driver_026,irregular_family_support,2026-02,2,policy_30_30_20_20_p20_a75,rolling_60_day_dbscan,26,13,3,676.9,676.9,26,0.9,428.29,5139.48,310.0,118.29,0.7238,0.2762,-0.0879,0.0605,0.0766,0.0161,1.5911,1.8679,0.2768,8,0.1058,1.6129,0.0,2.5361,57.17,89.05,86.05,12.22,78.63,annual_decision_evidence_not_monthly_discount,9,0,2,2,existing_living_zone,FAMILY_SUPPORT_CONTEXT|NO_STRONG_RISK_CHANGE|OUT_ZONE_PATTERN_CHANGE_RISK|OUT_ZONE_SAFE_DRIVING,family_support_normal
senior-monthly-score-table/v1,cust_026,driver_026,irregular_family_support,2026-03,3,policy_30_30_20_20_p20_a75,rolling_60_day_dbscan,25,15,3,467.6,500.0,25,0.9,481.1,5773.2,257.99,223.11,0.5363,0.4637,0.1135,0.0727,0.0735,0.0008,1.806,1.8707,0.0647,9,0.0,2.3257,0.1584,1.3446,51.89,86.05,87.95,22.65,74.44,annual_decision_evidence_not_monthly_discount,8,1,3,3,existing_living_zone,CANDIDATE_LIVING_ZONE|FAMILY_SUPPORT_CONTEXT|NO_STRONG_RISK_CHANGE|OUT_ZONE_PATTERN_CHANGE_RISK|OUT_ZONE_SAFE_DRIVING,family_support_normal
senior-monthly-score-table/v1,cust_026,driver_026,irregular_family_support,2026-04,4,policy_30_30_20_20_p20_a75,rolling_60_day_dbscan,28,14,3,701.84,701.84,28,0.9,486.96,5843.52,384.27,102.69,0.7891,0.2109,-0.0647,0.0749,0.0757,0.0008,1.8694,1.8482,-0.0212,9,0.0,1.5614,0.3591,2.9214,51.3,90.63,78.55,9.72,76.34,annual_decision_evidence_not_monthly_discount,11,0,1,2,existing_living_zone,FAMILY_SUPPORT_CONTEXT|NO_STRONG_RISK_CHANGE|OUT_ZONE_PATTERN_CHANGE_RISK|OUT_ZONE_SAFE_DRIVING,family_support_normal
senior-monthly-score-table/v1,cust_026,driver_026,irregular_family_support,2026-05,5,policy_30_30_20_20_p20_a75,rolling_60_day_dbscan,28,18,3,698.89,698.89,28,0.9,622.72,7472.64,386.39,236.33,0.6205,0.3795,0.0641,0.0778,0.0975,0.0197,1.8308,2.4088,0.578,15,0.1571,2.3293,0.0,2.5388,37.73,84.14,85.45,24.84,68.68,annual_decision_evidence_not_monthly_discount,11,0,2,5,existing_living_zone,FAMILY_SUPPORT_CONTEXT|OUT_ZONE_INCREASE_WITH_LOW_RISK|OUT_ZONE_PATTERN_CHANGE_RISK|OUT_ZONE_SAFE_DRIVING,family_support_outer_month
senior-monthly-score-table/v1,cust_026,driver_026,irregular_family_support,2026-06,6,policy_30_30_20_20_p20_a75,rolling_60_day_dbscan,31,13,3,611.79,611.79,31,0.9,481.1,5773.2,267.28,213.82,0.5556,0.4444,0.1272,0.0913,0.1006,0.0093,2.2455,1.8707,-0.3748,9,0.1811,1.1224,0.0,2.8061,51.89,91.09,82.68,26.15,74.2,annual_decision_evidence_not_monthly_discount,7,0,2,4,existing_living_zone,FAMILY_SUPPORT_CONTEXT|NO_STRONG_RISK_CHANGE|OUT_ZONE_PATTERN_CHANGE_RISK|OUT_ZONE_RATIO_INCREASE|OUT_ZONE_SAFE_DRIVING,family_support_normal
senior-monthly-score-table/v1,cust_026,driver_026,irregular_family_support,2026-07,7,policy_30_30_20_20_p20_a75,rolling_60_day_dbscan,31,14,3,691.56,691.56,31,0.9,492.83,5913.96,326.56,166.27,0.6626,0.3374,0.09,0.0988,0.073,-0.0259,2.1743,1.8262,-0.3481,9,0.1101,0.6124,0.0,4.21,50.72,95.0,76.84,20.14,75.06,annual_decision_evidence_not_monthly_discount,9,0,1,4,existing_living_zone,FAMILY_SUPPORT_CONTEXT|NO_STRONG_RISK_CHANGE|OUT_ZONE_PATTERN_CHANGE_RISK|OUT_ZONE_SAFE_DRIVING,family_support_normal
senior-monthly-score-table/v1,cust_026,driver_026,irregular_family_support,2026-08,8,policy_30_30_20_20_p20_a75,rolling_60_day_dbscan,27,17,3,744.04,744.04,27,0.9,629.88,7558.56,368.9,260.98,0.5857,0.4143,0.1802,0.0866,0.1146,0.028,1.8482,2.3814,0.5332,15,0.0,2.7108,0.2767,1.9159,37.01,83.74,84.03,39.72,65.09,annual_decision_evidence_not_monthly_discount,10,0,2,5,existing_living_zone,FAMILY_SUPPORT_CONTEXT|OUT_ZONE_INCREASE_WITH_LOW_RISK|OUT_ZONE_PATTERN_CHANGE_RISK|OUT_ZONE_RATIO_INCREASE|OUT_ZONE_SAFE_DRIVING,family_support_outer_month
senior-monthly-score-table/v1,cust_026,driver_026,irregular_family_support,2026-09,9,policy_30_30_20_20_p20_a75,rolling_60_day_dbscan,30,14,3,749.84,749.84,30,0.9,504.56,6054.72,353.37,151.19,0.7004,0.2996,0.0376,0.1001,0.0788,-0.0213,2.2211,1.7837,-0.4373,9,0.1125,1.9809,0.0,1.3228,49.54,86.76,92.72,14.03,76.63,annual_decision_evidence_not_monthly_discount,10,0,2,2,existing_living_zone,FAMILY_SUPPORT_CONTEXT|NO_STRONG_RISK_CHANGE|OUT_ZONE_PATTERN_CHANGE_RISK|OUT_ZONE_SAFE_DRIVING,family_support_normal
senior-monthly-score-table/v1,cust_026,driver_026,irregular_family_support,2026-10,10,policy_30_30_20_20_p20_a75,rolling_60_day_dbscan,30,15,3,737.27,737.27,30,0.9,510.43,6125.16,437.99,72.44,0.8581,0.1419,-0.1602,0.102,0.059,-0.043,2.0042,1.7632,-0.241,9,0.0688,1.5982,0.0,2.7609,48.96,89.59,84.82,9.0,76.73,annual_decision_evidence_not_monthly_discount,13,0,0,2,existing_living_zone,FAMILY_SUPPORT_CONTEXT|NO_STRONG_RISK_CHANGE|OUT_ZONE_PATTERN_CHANGE_RISK,family_support_normal
senior-monthly-score-table/v1,cust_026,driver_026,irregular_family_support,2026-11,11,policy_30_30_20_20_p20_a75,rolling_60_day_dbscan,28,17,2,717.54,717.54,28,0.9,594.09,7129.08,329.89,264.2,0.5553,0.4447,0.1869,0.0713,0.1195,0.0481,1.837,2.3565,0.5195,14,0.1166,2.4251,0.1231,2.271,40.59,84.05,83.77,41.57,65.83,annual_decision_evidence_not_monthly_discount,9,0,1,7,existing_living_zone,FAMILY_SUPPORT_CONTEXT|OUT_ZONE_INCREASE_WITH_LOW_RISK|OUT_ZONE_PATTERN_CHANGE_RISK|OUT_ZONE_RATIO_INCREASE|OUT_ZONE_SAFE_DRIVING,family_support_outer_month
senior-monthly-score-table/v1,cust_026,driver_026,irregular_family_support,2026-12,12,policy_30_30_20_20_p20_a75,rolling_60_day_dbscan,31,14,4,736.26,736.26,31,0.9,510.41,6124.92,359.99,150.42,0.7053,0.2947,0.1005,0.094,0.0756,-0.0184,1.8597,1.7633,-0.0965,9,0.0,1.9445,0.2567,1.3296,48.96,88.33,88.84,21.37,74.68,annual_decision_evidence_not_monthly_discount,10,0,2,2,existing_living_zone,FAMILY_SUPPORT_CONTEXT|NO_STRONG_RISK_CHANGE|OUT_ZONE_PATTERN_CHANGE_RISK|OUT_ZONE_SAFE_DRIVING,family_support_normal
senior-monthly-score-table/v1,cust_027,driver_027,irregular_family_support,2026-01,1,policy_30_30_20_20_p20_a75,pre_policy_60_day_dbscan,23,11,2,777.13,777.13,23,0.9,398.58,4782.96,235.47,163.11,0.5908,0.4092,0.198,0.0869,0.0755,-0.0114,1.8025,1.7562,-0.0462,7,0.0,1.274,0.1845,2.4523,60.14,92.36,82.56,32.65,75.73,annual_decision_evidence_not_monthly_discount,6,0,2,3,existing_living_zone,FAMILY_SUPPORT_CONTEXT|NO_STRONG_RISK_CHANGE|OUT_ZONE_PATTERN_CHANGE_RISK|OUT_ZONE_RATIO_INCREASE|OUT_ZONE_SAFE_DRIVING,family_support_normal
senior-monthly-score-table/v1,cust_027,driver_027,irregular_family_support,2026-02,2,policy_30_30_20_20_p20_a75,rolling_60_day_dbscan,21,12,2,1363.94,1363.94,21,0.9,373.03,4476.36,250.74,122.29,0.6722,0.3278,0.1759,0.089,0.0663,-0.0227,1.5421,1.8765,0.3345,7,0.0,1.9941,0.2023,1.6355,62.7,88.04,87.97,30.94,76.63,annual_decision_evidence_not_monthly_discount,8,0,3,1,existing_living_zone,FAMILY_SUPPORT_CONTEXT|NO_STRONG_RISK_CHANGE|OUT_ZONE_PATTERN_CHANGE_RISK|OUT_ZONE_RATIO_INCREASE|OUT_ZONE_SAFE_DRIVING,family_support_normal
senior-monthly-score-table/v1,cust_027,driver_027,irregular_family_support,2026-03,3,policy_30_30_20_20_p20_a75,rolling_60_day_dbscan,23,12,3,170.85,500.0,23,0.9,419.02,5028.24,276.48,142.54,0.6598,0.3402,0.0597,0.0711,0.0725,0.0014,1.8144,1.9092,0.0948,8,0.0,2.1701,0.2131,1.4031,58.1,86.98,89.09,17.58,77.83,annual_decision_evidence_not_monthly_discount,8,0,2,2,existing_living_zone,FAMILY_SUPPORT_CONTEXT|NO_STRONG_RISK_CHANGE|OUT_ZONE_PATTERN_CHANGE_RISK|OUT_ZONE_SAFE_DRIVING,family_support_normal
senior-monthly-score-table/v1,cust_027,driver_027,irregular_family_support,2026-04,4,policy_30_30_20_20_p20_a75,rolling_60_day_dbscan,24,13,2,1312.85,1312.85,24,0.9,424.13,5089.56,330.89,93.24,0.7802,0.2198,-0.0021,0.0696,0.0817,0.0121,1.8938,1.8862,-0.0076,8,0.1047,2.1155,0.0,1.0725,57.59,86.05,94.1,10.44,79.82,annual_decision_evidence_not_monthly_discount,10,0,2,1,existing_living_zone,FAMILY_SUPPORT_CONTEXT|NO_STRONG_RISK_CHANGE|OUT_ZONE_PATTERN_CHANGE_RISK|OUT_ZONE_SAFE_DRIVING,family_support_normal
senior-monthly-score-table/v1,cust_027,driver_027,irregular_family_support,2026-05,5,policy_30_30_20_20_p20_a75,rolling_60_day_dbscan,24,14,2,1318.62,1318.62,24,0.9,542.37,6508.44,472.65,69.72,0.8715,0.1285,-0.0528,0.0803,0.0765,-0.0038,1.9768,2.3969,0.4201,13,0.0878,1.9042,0.0,5.7372,45.76,87.52,68.45,16.03,70.47,annual_decision_evidence_not_monthly_discount,12,0,0,2,existing_living_zone,FAMILY_SUPPORT_CONTEXT|OUT_ZONE_INCREASE_WITH_LOW_RISK|OUT_ZONE_PATTERN_CHANGE_RISK,family_support_outer_month
senior-monthly-score-table/v1,cust_027,driver_027,irregular_family_support,2026-06,6,policy_30_30_20_20_p20_a75,rolling_60_day_dbscan,26,11,3,642.82,642.82,26,0.9,419.02,5028.24,217.04,201.98,0.518,0.482,0.18,0.0818,0.111,0.0291,2.15,1.9092,-0.2408,8,0.0,1.3822,0.2302,2.4755,58.1,91.71,80.29,34.82,74.04,annual_decision_evidence_not_monthly_discount,6,0,1,4,existing_living_zone,FAMILY_SUPPORT_CONTEXT|NO_STRONG_RISK_CHANGE|OUT_ZONE_PATTERN_CHANGE_RISK|OUT_ZONE_RATIO_INCREASE|OUT_ZONE_SAFE_DRIVING,family_support_normal
senior-monthly-score-table/v1,cust_027,driver_027,irregular_family_support,2026-07,7,policy_30_30_20_20_p20_a75,rolling_60_day_dbscan,24,11,2,1458.47,1458.47,24,0.9,429.24,5150.88,325.02,104.22,0.7572,0.2428,0.1179,0.0955,0.1044,0.009,1.953,1.8638,-0.0892,8,0.1379,1.2307,0.0,3.838,57.08,90.96,78.89,25.56,75.08,annual_decision_evidence_not_monthly_discount,8,0,0,3,existing_living_zone,FAMILY_SUPPORT_CONTEXT|NO_STRONG_RISK_CHANGE|OUT_ZONE_PATTERN_CHANGE_RISK,family_support_normal
senior-monthly-score-table/v1,cust_027,driver_027,irregular_family_support,2026-08,8,policy_30_30_20_20_p20_a75,rolling_60_day_dbscan,21,16,1,1452.94,1452.94,21,0.9,548.61,6583.32,339.96,208.65,0.6197,0.3803,0.223,0.1124,0.0462,-0.0661,1.7229,2.3696,0.6467,13,0.0,2.6474,0.1216,1.9171,45.14,84.12,87.03,41.44,67.9,annual_decision_evidence_not_monthly_discount,10,0,1,5,existing_living_zone,FAMILY_SUPPORT_CONTEXT|OUT_ZONE_INCREASE_WITH_LOW_RISK|OUT_ZONE_PATTERN_CHANGE_RISK|OUT_ZONE_RATIO_INCREASE|OUT_ZONE_SAFE_DRIVING,family_support_outer_month
senior-monthly-score-table/v1,cust_027,driver_027,irregular_family_support,2026-09,9,policy_30_30_20_20_p20_a75,rolling_60_day_dbscan,26,12,2,1149.02,1149.02,26,0.9,439.46,5273.52,288.43,151.03,0.6563,0.3437,0.0423,0.0744,0.0656,-0.0087,2.1188,1.8204,-0.2984,8,0.0,2.0802,0.191,1.3242,56.05,87.52,89.85,14.93,78.05,annual_decision_evidence_not_monthly_discount,8,0,1,3,existing_living_zone,FAMILY_SUPPORT_CONTEXT|NO_STRONG_RISK_CHANGE|OUT_ZONE_PATTERN_CHANGE_RISK|OUT_ZONE_SAFE_DRIVING,family_support_normal
senior-monthly-score-table/v1,cust_027,driver_027,irregular_family_support,2026-10,10,policy_30_30_20_20_p20_a75,rolling_60_day_dbscan,27,13,3,745.45,745.45,27,0.9,444.57,5334.84,315.34,129.23,0.7093,0.2907,0.1752,0.0567,0.0847,0.0279,2.1967,1.7995,-0.3972,8,0.1194,1.2685,0.0,3.0953,55.54,90.96,82.98,32.46,74.05,annual_decision_evidence_not_monthly_discount,9,0,0,4,existing_living_zone,FAMILY_SUPPORT_CONTEXT|NO_STRONG_RISK_CHANGE|OUT_ZONE_PATTERN_CHANGE_RISK|OUT_ZONE_RATIO_INCREASE,family_support_normal
senior-monthly-score-table/v1,cust_027,driver_027,irregular_family_support,2026-11,11,policy_30_30_20_20_p20_a75,rolling_60_day_dbscan,24,16,2,1536.95,1536.95,24,0.9,517.43,6209.16,327.25,190.18,0.6325,0.3675,0.1847,0.0786,0.0737,-0.0049,1.7742,2.3192,0.5449,12,0.1166,1.5279,0.0,3.6807,48.26,89.43,79.41,35.52,70.08,annual_decision_evidence_not_monthly_discount,10,0,1,5,existing_living_zone,FAMILY_SUPPORT_CONTEXT|OUT_ZONE_INCREASE_WITH_LOW_RISK|OUT_ZONE_PATTERN_CHANGE_RISK|OUT_ZONE_RATIO_INCREASE|OUT_ZONE_SAFE_DRIVING,family_support_outer_month
senior-monthly-score-table/v1,cust_027,driver_027,irregular_family_support,2026-12,12,policy_30_30_20_20_p20_a75,rolling_60_day_dbscan,28,13,3,1020.0,1020.0,28,0.9,444.54,5334.48,409.03,35.51,0.9201,0.0799,-0.0523,0.0815,0.0876,0.006,2.1514,1.7996,-0.3518,8,0.0952,1.9558,0.0,0.0,55.55,87.12,100.0,9.83,80.84,annual_decision_evidence_not_monthly_discount,12,0,1,0,existing_living_zone,FAMILY_SUPPORT_CONTEXT|NO_STRONG_RISK_CHANGE|OUT_ZONE_SAFE_DRIVING,family_support_normal
senior-monthly-score-table/v1,cust_028,driver_028,irregular_family_support,2026-01,1,policy_30_30_20_20_p20_a75,pre_policy_60_day_dbscan,36,15,4,435.13,500.0,36,0.9,575.73,6908.76,384.41,191.32,0.6677,0.3323,-0.1235,0.0617,0.0603,-0.0014,1.7938,1.7369,-0.0569,10,0.0903,2.3413,0.0,0.5227,42.43,84.87,97.13,10.0,75.62,annual_decision_evidence_not_monthly_discount,10,0,4,1,existing_living_zone,FAMILY_SUPPORT_CONTEXT|NO_STRONG_RISK_CHANGE|OUT_ZONE_PATTERN_CHANGE_RISK|OUT_ZONE_SAFE_DRIVING,family_support_normal
senior-monthly-score-table/v1,cust_028,driver_028,irregular_family_support,2026-02,2,policy_30_30_20_20_p20_a75,rolling_60_day_dbscan,32,15,3,768.18,768.18,32,0.9,538.82,6465.84,309.44,229.38,0.5743,0.4257,0.1529,0.0572,0.0598,0.0025,1.7167,1.8559,0.1392,10,0.0,1.939,0.1404,1.7438,46.12,88.37,86.79,28.78,71.95,annual_decision_evidence_not_monthly_discount,9,1,1,4,existing_living_zone,CANDIDATE_LIVING_ZONE|FAMILY_SUPPORT_CONTEXT|NO_STRONG_RISK_CHANGE|OUT_ZONE_PATTERN_CHANGE_RISK|OUT_ZONE_RATIO_INCREASE|OUT_ZONE_SAFE_DRIVING,family_support_normal
senior-monthly-score-table/v1,cust_028,driver_028,irregular_family_support,2026-03,3,policy_30_30_20_20_p20_a75,rolling_60_day_dbscan,30,18,3,734.19,734.19,30,0.9,605.25,7263.0,477.14,128.11,0.7883,0.2117,-0.0031,0.06,0.0641,0.0041,1.7944,1.8174,0.023,11,0.0,1.2575,0.3029,3.9029,39.48,92.45,73.99,9.69,72.44,annual_decision_evidence_not_monthly_discount,14,0,0,4,existing_living_zone,FAMILY_SUPPORT_CONTEXT|NO_STRONG_RISK_CHANGE|OUT_ZONE_PATTERN_CHANGE_RISK,family_support_normal
senior-monthly-score-table/v1,cust_028,driver_028,irregular_family_support,2026-04,4,policy_30_30_20_20_p20_a75,rolling_60_day_dbscan,33,18,3,717.55,717.55,33,0.9,612.63,7351.56,447.65,164.98,0.7307,0.2693,0.0813,0.0621,0.0418,-0.0203,1.8356,1.7955,-0.04,11,0.0,1.3403,0.155,3.0307,38.74,91.96,81.01,18.65,71.68,annual_decision_evidence_not_monthly_discount,13,0,3,2,existing_living_zone,FAMILY_SUPPORT_CONTEXT|NO_STRONG_RISK_CHANGE|OUT_ZONE_PATTERN_CHANGE_RISK|OUT_ZONE_SAFE_DRIVING,family_support_normal
senior-monthly-score-table/v1,cust_028,driver_028,irregular_family_support,2026-05,5,policy_30_30_20_20_p20_a75,rolling_60_day_dbscan,34,21,3,753.71,753.71,34,0.9,783.42,9401.04,543.41,240.01,0.6936,0.3064,0.0063,0.0557,0.1101,0.0544,1.9019,2.4253,0.5234,19,0.0782,2.7603,0.1821,1.6666,21.66,82.5,88.1,22.36,64.4,annual_decision_evidence_not_monthly_discount,15,2,1,3,existing_living_zone,CANDIDATE_LIVING_ZONE|FAMILY_SUPPORT_CONTEXT|OUT_ZONE_INCREASE_WITH_LOW_RISK|OUT_ZONE_PATTERN_CHANGE_RISK|OUT_ZONE_SAFE_DRIVING,family_support_outer_month
senior-monthly-score-table/v1,cust_028,driver_028,irregular_family_support,2026-06,6,policy_30_30_20_20_p20_a75,rolling_60_day_dbscan,39,17,4,768.29,768.29,39,0.9,605.25,7263.0,533.64,71.61,0.8817,0.1183,-0.0892,0.0801,0.0488,-0.0313,2.1489,1.8174,-0.3315,11,0.0553,2.0613,0.0,0.0,39.48,86.97,100.0,9.71,75.99,annual_decision_evidence_not_monthly_discount,15,0,2,0,existing_living_zone,FAMILY_SUPPORT_CONTEXT|NO_STRONG_RISK_CHANGE|OUT_ZONE_SAFE_DRIVING,family_support_normal
senior-monthly-score-table/v1,cust_028,driver_028,irregular_family_support,2026-07,7,policy_30_30_20_20_p20_a75,rolling_60_day_dbscan,37,17,4,655.15,655.15,37,0.9,620.01,7440.12,362.45,257.56,0.5846,0.4154,0.2318,0.0858,0.0632,-0.0226,2.2237,1.7742,-0.4495,11,0.1081,1.6554,0.0,1.9413,38.0,88.77,88.01,36.75,68.28,annual_decision_evidence_not_monthly_discount,10,0,3,4,existing_living_zone,FAMILY_SUPPORT_CONTEXT|NO_STRONG_RISK_CHANGE|OUT_ZONE_PATTERN_CHANGE_RISK|OUT_ZONE_RATIO_INCREASE|OUT_ZONE_SAFE_DRIVING,family_support_normal
senior-monthly-score-table/v1,cust_028,driver_028,irregular_family_support,2026-08,8,policy_30_30_20_20_p20_a75,rolling_60_day_dbscan,32,24,3,807.85,807.85,32,0.9,792.43,9509.16,680.6,111.83,0.8589,0.1411,-0.0531,0.0594,0.0845,0.0251,1.471,2.3977,0.9267,19,0.0596,1.9101,0.2362,5.3653,20.76,87.82,66.95,19.02,62.16,annual_decision_evidence_not_monthly_discount,20,0,2,2,existing_living_zone,FAMILY_SUPPORT_CONTEXT|OUT_ZONE_INCREASE_WITH_LOW_RISK|OUT_ZONE_PATTERN_CHANGE_RISK|OUT_ZONE_SAFE_DRIVING,family_support_outer_month
senior-monthly-score-table/v1,cust_028,driver_028,irregular_family_support,2026-09,9,policy_30_30_20_20_p20_a75,rolling_60_day_dbscan,39,18,3,763.28,763.28,39,0.9,634.77,7617.24,367.7,267.07,0.5793,0.4207,0.2249,0.0502,0.0428,-0.0074,2.0972,1.7329,-0.3643,11,0.0738,1.3598,0.0,2.2466,36.52,90.96,86.23,35.41,68.41,annual_decision_evidence_not_monthly_discount,11,0,3,4,existing_living_zone,FAMILY_SUPPORT_CONTEXT|NO_STRONG_RISK_CHANGE|OUT_ZONE_PATTERN_CHANGE_RISK|OUT_ZONE_RATIO_INCREASE|OUT_ZONE_SAFE_DRIVING,family_support_normal
senior-monthly-score-table/v1,cust_028,driver_028,irregular_family_support,2026-10,10,policy_30_30_20_20_p20_a75,rolling_60_day_dbscan,42,18,4,742.67,742.67,42,0.9,642.15,7705.8,418.05,224.1,0.651,0.349,0.0687,0.066,0.0621,-0.0039,2.102,1.8687,-0.2333,12,0.0,1.6744,0.1778,2.2311,35.78,89.95,85.06,18.02,71.13,annual_decision_evidence_not_monthly_discount,12,0,2,4,existing_living_zone,FAMILY_SUPPORT_CONTEXT|NO_STRONG_RISK_CHANGE|OUT_ZONE_PATTERN_CHANGE_RISK|OUT_ZONE_SAFE_DRIVING,family_support_normal
senior-monthly-score-table/v1,cust_028,driver_028,irregular_family_support,2026-11,11,policy_30_30_20_20_p20_a75,rolling_60_day_dbscan,34,22,4,763.23,763.23,34,0.9,747.4,8968.8,598.07,149.33,0.8002,0.1998,-0.0698,0.0555,0.0733,0.0178,1.9058,2.4083,0.5026,18,0.0916,2.6753,0.0,1.3393,25.26,82.85,92.63,16.57,67.65,annual_decision_evidence_not_monthly_discount,17,0,3,2,existing_living_zone,FAMILY_SUPPORT_CONTEXT|OUT_ZONE_INCREASE_WITH_LOW_RISK|OUT_ZONE_PATTERN_CHANGE_RISK|OUT_ZONE_SAFE_DRIVING,family_support_outer_month
senior-monthly-score-table/v1,cust_028,driver_028,irregular_family_support,2026-12,12,policy_30_30_20_20_p20_a75,rolling_60_day_dbscan,39,17,3,745.7,745.7,39,0.9,642.14,7705.68,443.5,198.64,0.6907,0.3093,0.0623,0.0701,0.0648,-0.0053,2.2219,1.8688,-0.3532,12,0.0,1.3529,0.2095,3.0205,35.79,91.88,80.24,17.86,70.78,annual_decision_evidence_not_monthly_discount,12,0,1,4,existing_living_zone,FAMILY_SUPPORT_CONTEXT|NO_STRONG_RISK_CHANGE|OUT_ZONE_PATTERN_CHANGE_RISK|OUT_ZONE_SAFE_DRIVING,family_support_normal
senior-monthly-score-table/v1,cust_029,driver_029,irregular_family_support,2026-01,1,policy_30_30_20_20_p20_a75,pre_policy_60_day_dbscan,33,14,3,702.81,702.81,33,0.9,516.68,6200.16,298.4,218.28,0.5775,0.4225,0.2602,0.0715,0.0497,-0.0219,1.825,1.7419,-0.0831,9,0.086,1.6756,0.0,1.8325,48.33,88.91,88.47,40.0,70.87,annual_decision_evidence_not_monthly_discount,8,0,1,5,existing_living_zone,FAMILY_SUPPORT_CONTEXT|NO_STRONG_RISK_CHANGE|OUT_ZONE_PATTERN_CHANGE_RISK|OUT_ZONE_RATIO_INCREASE|OUT_ZONE_SAFE_DRIVING,family_support_normal
senior-monthly-score-table/v1,cust_029,driver_029,irregular_family_support,2026-02,2,policy_30_30_20_20_p20_a75,rolling_60_day_dbscan,29,14,4,668.49,668.49,29,0.9,483.55,5802.6,321.11,162.44,0.6641,0.3359,0.202,0.0643,0.0734,0.0091,1.8353,1.8612,0.0259,9,0.1106,1.5571,0.0,2.4624,51.64,89.33,86.46,34.25,72.73,annual_decision_evidence_not_monthly_discount,9,0,1,4,existing_living_zone,FAMILY_SUPPORT_CONTEXT|NO_STRONG_RISK_CHANGE|OUT_ZONE_PATTERN_CHANGE_RISK|OUT_ZONE_RATIO_INCREASE|OUT_ZONE_SAFE_DRIVING,family_support_normal
senior-monthly-score-table/v1,cust_029,driver_029,irregular_family_support,2026-03,3,policy_30_30_20_20_p20_a75,rolling_60_day_dbscan,28,17,3,657.34,657.34,28,0.9,543.17,6518.04,506.63,36.54,0.9327,0.0673,-0.0553,0.0611,0.0614,0.0003,1.7996,1.841,0.0415,10,0.0658,1.7764,0.0,2.7367,45.68,88.55,84.95,9.06,75.45,annual_decision_evidence_not_monthly_discount,16,0,0,1,existing_living_zone,FAMILY_SUPPORT_CONTEXT|NO_STRONG_RISK_CHANGE|OUT_ZONE_PATTERN_CHANGE_RISK,family_support_normal
senior-monthly-score-table/v1,cust_029,driver_029,irregular_family_support,2026-04,4,policy_30_30_20_20_p20_a75,rolling_60_day_dbscan,31,16,2,668.35,668.35,31,0.9,549.79,6597.48,445.39,104.4,0.8101,0.1899,0.048,0.0671,0.083,0.016,1.8506,1.8189,-0.0317,10,0.0,1.5717,0.4374,2.8736,45.02,90.57,77.63,16.58,72.89,annual_decision_evidence_not_monthly_discount,13,0,0,3,existing_living_zone,FAMILY_SUPPORT_CONTEXT|NO_STRONG_RISK_CHANGE|OUT_ZONE_PATTERN_CHANGE_RISK,family_support_normal
senior-monthly-score-table/v1,cust_029,driver_029,irregular_family_support,2026-05,5,policy_30_30_20_20_p20_a75,rolling_60_day_dbscan,32,20,3,638.05,638.05,32,0.9,703.07,8436.84,505.08,197.99,0.7184,0.2816,0.1065,0.0741,0.1062,0.0321,1.8752,2.418,0.5427,17,0.0645,2.7718,0.2126,1.5152,29.69,82.6,88.48,31.1,65.16,annual_decision_evidence_not_monthly_discount,15,0,2,3,existing_living_zone,FAMILY_SUPPORT_CONTEXT|OUT_ZONE_INCREASE_WITH_LOW_RISK|OUT_ZONE_PATTERN_CHANGE_RISK|OUT_ZONE_SAFE_DRIVING,family_support_outer_month
senior-monthly-score-table/v1,cust_029,driver_029,irregular_family_support,2026-06,6,policy_30_30_20_20_p20_a75,rolling_60_day_dbscan,35,15,4,625.66,625.66,35,0.9,543.17,6518.04,512.07,31.1,0.9427,0.0573,-0.1344,0.0997,0.0568,-0.0429,2.237,1.841,-0.3959,10,0.0602,1.9529,0.0,0.0,45.68,87.56,100.0,10.0,77.97,annual_decision_evidence_not_monthly_discount,14,0,1,0,existing_living_zone,FAMILY_SUPPORT_CONTEXT|NO_STRONG_RISK_CHANGE|OUT_ZONE_SAFE_DRIVING,family_support_normal
senior-monthly-score-table/v1,cust_029,driver_029,irregular_family_support,2026-07,7,policy_30_30_20_20_p20_a75,rolling_60_day_dbscan,34,15,4,602.12,602.12,34,0.9,556.42,6677.04,556.42,0,1.0,0.0,-0.279,0.0875,0.0576,-0.0299,2.2389,1.7972,-0.4417,10,0.0576,1.7972,0.0,0.0,44.36,88.53,100.0,10.0,77.87,annual_decision_evidence_not_monthly_discount,15,0,0,0,existing_living_zone,FAMILY_SUPPORT_CONTEXT|NO_STRONG_RISK_CHANGE,family_support_normal
senior-monthly-score-table/v1,cust_029,driver_029,irregular_family_support,2026-08,8,policy_30_30_20_20_p20_a75,rolling_60_day_dbscan,29,20,3,567.46,567.46,29,0.9,711.16,8533.92,533.2,177.96,0.7498,0.2502,0.0381,0.0587,0.0941,0.0354,1.7742,2.3905,0.6162,17,0.1256,2.6257,0.0,1.6858,28.88,82.74,90.73,23.82,66.87,annual_decision_evidence_not_monthly_discount,15,0,2,3,existing_living_zone,FAMILY_SUPPORT_CONTEXT|OUT_ZONE_INCREASE_WITH_LOW_RISK|OUT_ZONE_PATTERN_CHANGE_RISK|OUT_ZONE_SAFE_DRIVING,family_support_outer_month
senior-monthly-score-table/v1,cust_029,driver_029,irregular_family_support,2026-09,9,policy_30_30_20_20_p20_a75,rolling_60_day_dbscan,33,17,4,191.21,500.0,33,0.9,569.67,6836.04,402.68,166.99,0.7069,0.2931,0.0546,0.0558,0.0526,-0.0032,2.0827,1.7554,-0.3273,10,0.0744,1.49,0.0,2.3954,43.03,90.17,86.83,15.19,74.29,annual_decision_evidence_not_monthly_discount,12,0,2,3,existing_living_zone,FAMILY_SUPPORT_CONTEXT|NO_STRONG_RISK_CHANGE|OUT_ZONE_PATTERN_CHANGE_RISK|OUT_ZONE_SAFE_DRIVING,family_support_normal
senior-monthly-score-table/v1,cust_029,driver_029,irregular_family_support,2026-10,10,policy_30_30_20_20_p20_a75,rolling_60_day_dbscan,36,16,4,185.2,500.0,36,0.9,576.29,6915.48,357.66,218.63,0.6206,0.3794,0.1519,0.0773,0.0598,-0.0175,2.1551,1.7352,-0.4199,10,0.0964,2.5164,0.0,0.4574,42.37,83.74,96.9,27.1,71.79,annual_decision_evidence_not_monthly_discount,10,1,4,1,existing_living_zone,CANDIDATE_LIVING_ZONE|FAMILY_SUPPORT_CONTEXT|NO_STRONG_RISK_CHANGE|OUT_ZONE_PATTERN_CHANGE_RISK|OUT_ZONE_RATIO_INCREASE|OUT_ZONE_SAFE_DRIVING,family_support_normal
senior-monthly-score-table/v1,cust_029,driver_029,irregular_family_support,2026-11,11,policy_30_30_20_20_p20_a75,rolling_60_day_dbscan,32,18,3,516.81,516.81,32,0.9,670.75,8049.0,513.39,157.36,0.7654,0.2346,0.0168,0.0577,0.1188,0.0611,1.7011,2.3854,0.6843,16,0.1552,2.5322,0.0,1.9065,32.93,82.94,89.51,24.82,67.7,annual_decision_evidence_not_monthly_discount,14,0,1,3,existing_living_zone,FAMILY_SUPPORT_CONTEXT|OUT_ZONE_INCREASE_WITH_LOW_RISK|OUT_ZONE_PATTERN_CHANGE_RISK|OUT_ZONE_SAFE_DRIVING,family_support_outer_month
senior-monthly-score-table/v1,cust_029,driver_029,irregular_family_support,2026-12,12,policy_30_30_20_20_p20_a75,rolling_60_day_dbscan,33,16,3,667.8,667.8,33,0.9,576.28,6915.36,454.32,121.96,0.7884,0.2116,0.0484,0.095,0.064,-0.031,2.165,1.7353,-0.4297,10,0.0812,1.3207,0.0,3.2798,42.37,91.1,81.96,15.02,73.43,annual_decision_evidence_not_monthly_discount,13,0,0,3,existing_living_zone,FAMILY_SUPPORT_CONTEXT|NO_STRONG_RISK_CHANGE|OUT_ZONE_PATTERN_CHANGE_RISK,family_support_normal
senior-monthly-score-table/v1,cust_030,driver_030,irregular_family_support,2026-01,1,policy_30_30_20_20_p20_a75,pre_policy_60_day_dbscan,37,16,2,727.1,727.1,37,0.9,597.87,7174.44,440.77,157.1,0.7372,0.2628,0.1279,0.0494,0.0473,-0.0022,1.8025,1.8399,0.0374,11,0.0641,1.5881,0.0,2.5461,40.21,89.7,86.0,25.42,71.09,annual_decision_evidence_not_monthly_discount,12,0,1,3,existing_living_zone,FAMILY_SUPPORT_CONTEXT|NO_STRONG_RISK_CHANGE|OUT_ZONE_PATTERN_CHANGE_RISK|OUT_ZONE_RATIO_INCREASE|OUT_ZONE_SAFE_DRIVING,family_support_normal
senior-monthly-score-table/v1,cust_030,driver_030,irregular_family_support,2026-02,2,policy_30_30_20_20_p20_a75,rolling_60_day_dbscan,34,17,3,683.53,683.53,34,0.9,559.54,6714.48,559.54,0,1.0,0.0,-0.1828,0.0468,0.0518,0.0051,1.8307,1.7872,-0.0435,10,0.0518,1.7872,0.0,0.0,44.05,88.66,100.0,9.33,77.95,annual_decision_evidence_not_monthly_discount,17,0,0,0,existing_living_zone,FAMILY_SUPPORT_CONTEXT|NO_STRONG_RISK_CHANGE,family_support_normal
senior-monthly-score-table/v1,cust_030,driver_030,irregular_family_support,2026-03,3,policy_30_30_20_20_p20_a75,rolling_60_day_dbscan,34,18,3,686.87,686.87,34,0.9,628.53,7542.36,463.7,164.83,0.7378,0.2622,0.093,0.0478,0.0452,-0.0026,1.7547,1.7501,-0.0045,11,0.0613,1.7253,0.0,1.8201,37.15,88.91,89.99,20.02,71.81,annual_decision_evidence_not_monthly_discount,13,0,2,3,existing_living_zone,FAMILY_SUPPORT_CONTEXT|NO_STRONG_RISK_CHANGE|OUT_ZONE_PATTERN_CHANGE_RISK|OUT_ZONE_SAFE_DRIVING,family_support_normal
senior-monthly-score-table/v1,cust_030,driver_030,irregular_family_support,2026-04,4,policy_30_30_20_20_p20_a75,rolling_60_day_dbscan,35,18,2,701.33,701.33,35,0.9,636.19,7634.28,345.23,290.96,0.5427,0.4573,0.1541,0.0483,0.0595,0.0111,1.7676,1.729,-0.0385,11,0.0,2.3173,0.1301,1.0311,36.38,86.1,90.23,28.25,69.14,annual_decision_evidence_not_monthly_discount,10,1,3,4,existing_living_zone,CANDIDATE_LIVING_ZONE|FAMILY_SUPPORT_CONTEXT|NO_STRONG_RISK_CHANGE|OUT_ZONE_PATTERN_CHANGE_RISK|OUT_ZONE_RATIO_INCREASE|OUT_ZONE_SAFE_DRIVING,family_support_normal
senior-monthly-score-table/v1,cust_030,driver_030,irregular_family_support,2026-05,5,policy_30_30_20_20_p20_a75,rolling_60_day_dbscan,35,23,3,724.91,724.91,35,0.9,813.56,9762.72,510.61,302.95,0.6276,0.3724,0.1207,0.054,0.0943,0.0403,1.7943,2.4583,0.664,20,0.0833,2.546,0.1129,2.3106,18.64,83.72,85.15,34.48,60.84,annual_decision_evidence_not_monthly_discount,14,0,4,5,existing_living_zone,FAMILY_SUPPORT_CONTEXT|OUT_ZONE_INCREASE_WITH_LOW_RISK|OUT_ZONE_PATTERN_CHANGE_RISK|OUT_ZONE_RATIO_INCREASE|OUT_ZONE_SAFE_DRIVING,family_support_outer_month
senior-monthly-score-table/v1,cust_030,driver_030,irregular_family_support,2026-06,6,policy_30_30_20_20_p20_a75,rolling_60_day_dbscan,40,19,3,1334.68,1334.68,40,0.9,628.53,7542.36,416.68,211.85,0.6629,0.3371,0.1502,0.0807,0.0636,-0.0171,2.1847,1.7501,-0.4345,11,0.0,1.9199,0.1887,1.4161,37.15,88.48,89.38,26.21,70.32,annual_decision_evidence_not_monthly_discount,13,0,3,3,existing_living_zone,FAMILY_SUPPORT_CONTEXT|NO_STRONG_RISK_CHANGE|OUT_ZONE_PATTERN_CHANGE_RISK|OUT_ZONE_RATIO_INCREASE|OUT_ZONE_SAFE_DRIVING,family_support_normal
senior-monthly-score-table/v1,cust_030,driver_030,irregular_family_support,2026-07,7,policy_30_30_20_20_p20_a75,rolling_60_day_dbscan,41,17,3,1298.09,1298.09,41,0.9,643.85,7726.2,494.72,149.13,0.7684,0.2316,0.0258,0.0832,0.074,-0.0092,2.1398,1.8638,-0.276,12,0.0963,2.2235,0.0,0.6706,35.61,85.5,96.31,13.6,72.88,annual_decision_evidence_not_monthly_discount,13,0,3,1,existing_living_zone,FAMILY_SUPPORT_CONTEXT|NO_STRONG_RISK_CHANGE|OUT_ZONE_PATTERN_CHANGE_RISK|OUT_ZONE_SAFE_DRIVING,family_support_normal
senior-monthly-score-table/v1,cust_030,driver_030,irregular_family_support,2026-08,8,policy_30_30_20_20_p20_a75,rolling_60_day_dbscan,35,24,2,1334.4,1334.4,35,0.9,822.91,9874.92,591.39,231.52,0.7187,0.2813,0.1654,0.0711,0.0885,0.0174,1.7841,2.4304,0.6463,20,0.0677,1.86,0.1414,3.8874,17.71,88.03,76.5,36.77,59.67,annual_decision_evidence_not_monthly_discount,17,0,1,6,existing_living_zone,FAMILY_SUPPORT_CONTEXT|OUT_ZONE_INCREASE_WITH_LOW_RISK|OUT_ZONE_PATTERN_CHANGE_RISK|OUT_ZONE_RATIO_INCREASE|OUT_ZONE_SAFE_DRIVING,family_support_outer_month
senior-monthly-score-table/v1,cust_030,driver_030,irregular_family_support,2026-09,9,policy_30_30_20_20_p20_a75,rolling_60_day_dbscan,39,19,3,754.12,754.12,39,0.9,659.19,7910.28,453.26,205.93,0.6876,0.3124,0.099,0.0526,0.0556,0.003,2.2414,1.8204,-0.421,12,0.0809,1.1031,0.0,3.3992,34.08,92.41,81.3,21.32,69.94,annual_decision_evidence_not_monthly_discount,13,0,1,5,existing_living_zone,FAMILY_SUPPORT_CONTEXT|NO_STRONG_RISK_CHANGE|OUT_ZONE_PATTERN_CHANGE_RISK|OUT_ZONE_SAFE_DRIVING,family_support_normal
senior-monthly-score-table/v1,cust_030,driver_030,irregular_family_support,2026-10,10,policy_30_30_20_20_p20_a75,rolling_60_day_dbscan,42,18,4,749.69,749.69,42,0.9,666.85,8002.2,589.26,77.59,0.8836,0.1164,-0.0748,0.0751,0.0507,-0.0244,2.1281,1.7995,-0.3286,12,0.0574,2.0365,0.0,0.0,33.32,87.09,100.0,10.0,74.12,annual_decision_evidence_not_monthly_discount,16,0,2,0,existing_living_zone,FAMILY_SUPPORT_CONTEXT|NO_STRONG_RISK_CHANGE|OUT_ZONE_SAFE_DRIVING,family_support_normal
senior-monthly-score-table/v1,cust_030,driver_030,irregular_family_support,2026-11,11,policy_30_30_20_20_p20_a75,rolling_60_day_dbscan,36,21,2,1012.73,1012.73,36,0.9,776.15,9313.8,560.66,215.49,0.7224,0.2776,0.0921,0.0549,0.0922,0.0372,1.8713,2.448,0.5767,19,0.0636,2.3187,0.1667,2.7844,22.39,85.32,82.19,30.92,62.57,annual_decision_evidence_not_monthly_discount,15,0,2,4,existing_living_zone,FAMILY_SUPPORT_CONTEXT|OUT_ZONE_INCREASE_WITH_LOW_RISK|OUT_ZONE_PATTERN_CHANGE_RISK|OUT_ZONE_SAFE_DRIVING,family_support_outer_month
senior-monthly-score-table/v1,cust_030,driver_030,irregular_family_support,2026-12,12,policy_30_30_20_20_p20_a75,rolling_60_day_dbscan,37,18,2,1374.73,1374.73,37,0.9,666.83,8001.96,594.22,72.61,0.8911,0.1089,-0.0224,0.0772,0.0699,-0.0073,2.1976,1.7996,-0.398,12,0.0785,1.8512,0.0,1.3772,33.32,87.95,92.43,10.0,72.87,annual_decision_evidence_not_monthly_discount,16,0,1,1,existing_living_zone,FAMILY_SUPPORT_CONTEXT|NO_STRONG_RISK_CHANGE|OUT_ZONE_PATTERN_CHANGE_RISK|OUT_ZONE_SAFE_DRIVING,family_support_normal
